ID,price
21787,49.5163
3199,74.1449
9990,60.5193
13052,64.1351
6004,62.8863
6949,50.3146
6201,54.6953
595,134.7047
14506,58.4398
13051,111.0279
4571,144.7283
19923,67.2099
1335,77.8946
15559,50.9293
14220,33.9106
4446,31.1347
8413,77.4742
17520,31.7672
14241,42.6438
5517,32.8393
21808,72.3053
21036,95.9701
5106,51.938
19587,26.8463
21139,31.5774
9499,61.0302
17227,137.8905
13916,64.2876
3265,50.9227
12646,43.8717
17356,34.8329
868,45.3785
15679,34.6706
2078,72.8436
11819,118.4627
7529,28.6994
11958,23.6339
20812,31.5931
10202,74.3185
21725,94.3728
18662,62.9254
13386,38.3962
19545,45.6007
13206,167.0675
18238,38.401
20212,31.9579
11628,33.4065
16333,61.7871
20516,102.4121
6677,76.5581
1734,36.2552
18291,48.3521
7535,55.9718
2561,60.4067
18343,97.0618
15893,30.4457
11968,44.1042
19573,61.4378
17111,97.4024
9984,57.0271
7084,32.7472
21827,71.4706
14295,119.1661
9431,32.4999
3312,61.1538
6371,69.4202
10853,36.9302
18261,46.3971
19106,66.0928
11452,41.5516
15645,106.0476
4318,33.1475
20409,30.1078
1693,30.4871
148,37.535
12477,46.2936
13959,96.5076
7895,41.7386
14439,80.7963
17607,37.7703
3215,52.8942
1109,63.91
17898,66.388
14225,35.8374
3150,75.6165
3712,38.4974
7197,72.4301
2642,76.1076
10726,44.1991
18893,50.3377
18674,57.9572
2824,80.9516
6098,33.1848
18589,74.1268
17939,50.7126
20457,28.5186
1199,57.019
19514,57.1885
7636,27.7451
3391,33.7474
14482,29.3957
7299,68.8361
5577,57.2198
1403,43.0962
2135,65.917
5627,39.7264
10678,46.0921
5407,56.557
12206,53.2859
16434,156.031
7430,27.4808
6276,47.1625
10373,69.4204
16801,31.6324
1119,42.5224
2197,55.9785
9226,48.7487
17244,43.7114
3894,40.9536
131,37.7901
8176,65.6426
10092,32.4487
3235,39.8074
13096,80.1256
8508,74.3383
2604,76.843
9397,30.9804
18021,43.9506
16584,25.9044
13277,41.7536
4804,77.0254
10572,36.7223
20905,71.2211
13201,41.1962
15723,22.2507
7779,18.5325
18689,67.2932
12432,24.9444
7396,29.1223
20000,33.7276
5731,50.0048
11482,43.1276
14133,39.1028
8266,61.7115
5780,41.6651
1574,93.5274
4488,39.63
2805,156.7912
7070,29.9328
17164,92.0595
11424,50.311
3673,92.7371
18313,93.8469
21659,93.8197
16883,43.6992
11252,129.6623
10759,89.2449
11010,77.3656
6546,42.5389
6453,47.7308
13005,29.0573
9976,60.591
7305,83.7974
9112,70.6505
18038,49.4655
4231,31.8548
9580,78.4436
16311,43.2455
5805,62.7908
18785,47.9428
21874,36.9621
7894,60.6415
3454,25.9446
17666,38.384
21565,32.056
3093,74.8826
683,65.5453
12548,36.791
4903,46.4375
9043,45.8634
20063,57.0237
3402,29.4458
11957,50.4548
21072,50.5938
7495,124.7204
18326,68.3644
17652,117.0829
5843,33.6922
14374,20.6633
3775,21.7117
75,55.0634
17326,36.7774
899,43.1949
11205,219.4238
19411,70.0222
1497,76.0735
11383,33.5814
2926,25.792
16965,36.4856
15558,48.2023
12737,27.5193
5751,36.2356
12214,49.3957
3675,24.1256
15370,32.9465
18794,53.8424
8248,41.8619
5402,48.2352
9583,48.1669
12664,65.028
2894,28.2953
9318,28.7877
18617,42.0341
9093,30.8195
9291,79.797
13056,34.7406
15386,40.4978
7786,83.7905
390,61.248
18035,51.7224
16167,73.818
20962,19.832
12918,49.732
13106,38.6982
7418,65.5987
16304,110.4864
19591,27.415
20884,144.0152
6054,88.7934
6584,87.1345
15533,26.4921
1897,42.5777
5726,89.533
4951,16.2081
9488,65.355
16320,39.0415
6119,60.4842
16317,28.9884
10664,33.6266
17634,30.9364
8720,91.6605
12466,57.3616
10672,39.8228
14850,135.4986
14213,57.6621
16943,44.6146
21221,69.8315
5923,28.6766
16369,27.2825
9582,100.5759
12671,66.7155
6556,38.2009
19057,66.4614
8053,24.6864
4843,37.5032
18052,50.1448
10667,39.7166
12673,61.8447
19869,81.8804
8946,113.5055
17897,45.9974
21911,30.1426
19479,43.2225
17739,31.7085
4300,34.4194
4031,39.7923
5975,19.0543
5121,100.181
11974,75.4967
8519,21.2502
100,92.3436
21759,19.0543
21220,72.7475
15686,38.5245
13509,67.566
15369,90.8029
1853,88.6384
17158,29.9149
12879,37.4691
17581,89.9652
7769,122.0445
15206,37.1846
15258,56.2074
13718,39.3301
19457,29.4711
14315,25.531
15141,34.2435
2293,30.2592
1038,86.779
3389,37.8778
19607,36.7518
2170,52.9368
3938,51.5194
4237,60.1937
17720,63.3985
21096,89.4236
8893,44.1869
18477,62.4798
13897,53.1692
20283,80.5757
208,65.0731
9961,48.5326
20251,25.5326
17217,105.173
18988,36.2758
7026,29.5519
12022,49.1328
13641,52.5184
16955,61.0708
17530,50.2599
10311,78.9368
558,30.585
9771,71.582
7370,64.3177
5484,46.6136
18595,35.4155
13836,14.0697
1406,39.231
20716,41.5477
10193,52.9748
15071,66.0398
4779,53.2439
6711,84.2011
21605,21.6511
11484,31.0644
13445,47.053
2391,31.5994
17223,63.8622
35,35.7296
2750,35.3582
442,57.371
18088,113.3481
4892,22.5168
13248,56.5738
8609,20.0529
19662,62.5872
18679,43.2641
10632,38.82
11603,42.701
541,35.4284
12589,43.5329
16971,28.2807
13877,156.0434
10542,39.4503
7421,49.2009
4517,42.2857
10980,117.0642
12074,24.0217
4771,18.2657
4275,28.6903
14578,56.3911
2325,39.5365
2311,105.421
20349,25.0078
8951,140.8224
11140,54.7907
3076,57.7136
1023,62.9898
501,36.05
7549,14.16
6015,80.3313
7093,15.5744
1367,58.1882
14943,31.3871
11199,28.609
10006,138.6629
19072,131.8517
7216,39.6659
5701,31.2313
3941,51.6119
13383,57.7771
15375,33.368
15965,94.6974
4319,24.5551
20641,50.2372
8679,38.9353
17584,60.0472
8678,44.5502
16040,102.6522
1165,62.3341
3326,37.7918
171,40.4401
5394,56.7594
3320,60.0328
18501,46.2509
12975,35.2349
1840,48.4651
7824,34.7791
7474,31.1792
6126,55.1676
10237,29.4836
2826,122.6995
2767,77.6935
913,56.1315
16886,22.2923
19275,38.8426
19061,30.5256
6360,24.8303
10653,94.1774
8044,30.7477
3037,75.3794
21279,37.2443
6425,34.0581
7507,40.4329
9698,46.9717
1500,122.7178
1699,36.1801
2245,99.5744
18003,148.8984
12688,86.263
1598,30.2624
16780,29.9063
12175,51.4949
4284,15.2004
20463,34.0344
15345,87.3105
15908,27.2405
21697,33.1736
18034,121.6523
15043,84.4913
653,69.2218
17118,74.8722
1022,83.1981
10424,47.6922
14753,28.8378
8543,39.0186
20353,59.0276
2125,34.1359
20969,143.1552
16108,83.2738
10203,70.4785
1066,74.1372
16699,29.7953
3415,25.0321
943,90.0579
18264,76.4735
17085,80.9656
15626,27.9544
21887,46.3339
16404,33.6829
21527,79.4756
4260,171.1294
19384,106.8166
21721,42.6949
21684,21.7211
18724,39.7781
18529,69.7138
17842,61.4447
5488,60.6266
16783,33.7042
20146,89.146
679,57.4944
19773,24.2167
16884,85.5374
6848,33.9108
44,66.7555
97,54.3982
17707,35.0684
4108,33.759
7937,40.9001
9399,64.1018
15086,94.5192
15789,31.3906
10219,85.7589
10019,24.7214
10267,70.0502
944,33.1113
4721,36.9486
7250,37.9531
2056,87.6802
21442,205.068
6545,27.6967
21094,36.7555
9325,62.3162
17372,62.1316
4895,47.8395
20144,64.7305
115,92.732
3896,69.3154
20851,100.1161
15781,55.0374
12687,75.358
7697,22.931
12993,38.5439
4376,41.0474
2556,108.936
9010,72.0681
2094,58.9924
16535,19.2649
13116,133.5542
20876,160.4873
16880,106.999
2151,58.5065
3214,57.8164
20726,36.3553
8168,55.0728
2068,50.3566
19033,34.6245
15929,58.3152
17517,56.116
6625,29.8194
19118,112.8001
10544,32.5049
11113,86.0796
1270,73.2423
21821,69.7161
1953,72.7697
4765,26.3541
16513,151.4735
16714,45.508
11399,62.5148
8324,35.0687
18947,23.8806
16194,49.2736
19576,93.6767
2762,83.7353
12186,196.0617
9972,133.3194
4464,61.9532
520,48.0465
9660,32.5257
18552,50.8464
134,24.4576
16643,101.1721
8779,62.1574
8225,37.2991
19151,32.3132
9225,17.2872
12272,34.6505
4196,116.1685
14879,23.169
3832,48.3307
891,80.7284
17408,42.0162
13099,56.9543
20036,73.9412
20462,27.4297
14838,36.2438
13715,31.1947
19496,80.9171
4853,44.0736
11267,23.4683
21098,62.8036
15952,32.5424
2134,45.8348
20398,36.0489
21569,42.35
5443,60.3535
7829,34.579
10750,71.3852
10385,64.7965
20502,67.534
10480,20.2477
21712,94.3809
834,126.4732
19691,47.9305
13378,26.7455
9383,130.509
8290,30.7235
12155,69.5075
7912,28.9545
12963,30.733
994,69.6823
2212,36.9137
7164,43.7124
2065,109.2437
12333,102.152
2916,49.3831
21465,68.3764
17097,34.0511
12285,50.8511
17755,40.9075
612,150.1406
1737,52.0176
13393,78.2825
19663,42.7777
17003,43.7826
20117,29.3054
18877,82.5976
10108,222.9125
14430,85.542
11677,34.6404
4305,62.6981
15870,54.3347
12785,45.5273
14565,32.5388
17494,16.1402
8094,92.9991
2936,78.5347
10233,41.9266
20496,33.3219
1412,27.6352
713,72.5515
5800,44.4478
19797,34.9023
2850,60.2885
5753,19.3195
15457,32.7913
6260,52.8341
17802,135.6116
16090,32.5421
11642,42.3165
15989,39.9887
17589,168.1993
3997,113.4957
1329,38.0603
11283,37.829
13555,40.9385
10842,65.8757
21278,61.7941
20856,65.2653
18604,47.5393
21149,42.3665
15442,29.2039
21766,73.8076
9678,86.5265
12304,34.0321
2574,20.1652
2082,59.4885
20703,42.7636
14143,57.9326
5698,34.9971
14107,33.6696
18520,139.8844
16442,49.4793
20953,295.6181
9116,20.4757
12772,60.5611
15790,32.5331
10823,36.3762
3856,47.9608
15871,42.2948
6230,53.3154
17316,31.4466
20838,29.1073
1555,26.118
20578,39.1092
19894,79.4294
19829,65.9415
10453,63.0128
3253,54.5513
7404,56.6123
6287,53.2913
4627,134.9838
18027,25.3008
10549,74.2452
5179,60.6194
2232,29.4651
2050,53.4637
8604,47.5458
19817,51.4865
17861,35.4502
8308,42.4927
13427,29.5023
14988,38.0083
2312,54.5915
19592,80.5898
21171,47.2061
14684,28.0968
5463,55.4313
8676,35.1538
15287,44.8326
3908,61.9653
1088,64.4359
12196,67.2759
7569,146.008
364,77.9265
19566,51.7179
13016,66.3323
14566,33.7888
18987,66.141
21118,24.289
6338,55.8503
12316,66.0767
16589,60.9311
12417,70.7651
18434,45.564
6049,23.129
8333,36.0938
11444,15.5243
21035,107.0923
2956,66.7773
11434,44.1084
730,47.1589
16378,43.0311
13691,28.0919
11380,34.3146
1468,35.8072
2430,78.7543
17452,77.2773
21596,38.7865
4016,34.8055
5697,68.5973
15158,30.3126
6236,13.6147
3110,54.5751
13709,42.0147
5153,56.7002
17160,40.8636
20652,39.9539
12519,44.2753
8181,73.6142
3212,112.4496
11833,89.1915
13208,35.9047
20343,47.7482
242,50.421
3183,64.8149
21203,306.8821
19855,117.6301
7243,27.7166
9766,45.0789
4897,67.3298
7333,27.5362
8167,111.5055
12941,40.3019
16105,53.813
14870,47.0264
13909,53.0096
21907,41.5133
2434,27.181
4027,32.8567
3208,28.9873
5006,78.351
15347,27.8614
18318,40.0635
8764,53.4309
2829,100.2604
16818,26.9295
16154,34.7331
10772,58.5032
17682,38.613
5334,25.1709
502,73.5666
17683,248.2235
10715,29.3146
6483,38.9397
4331,81.3157
10312,72.9622
4937,137.0246
3929,30.0055
21304,296.0187
21744,42.8412
11804,27.8846
3101,76.1352
16250,32.89
2491,80.8015
10306,43.0407
10403,32.2602
6265,61.4767
2514,42.3422
21560,172.8072
12743,41.9225
8037,35.7245
18412,75.8076
10943,42.72
19734,50.0339
3719,67.0884
5107,40.5703
21089,34.4998
6313,127.9478
19326,67.9852
19639,72.6603
1290,55.5471
7023,29.945
20426,21.1588
12961,22.023
15264,21.1013
21490,30.7107
7005,50.4047
21599,79.2236
9704,62.6702
601,86.976
8162,28.766
12562,43.8139
6642,18.7119
16424,118.6329
15403,39.5024
17094,47.2286
10514,28.2681
6855,40.5663
10292,20.7992
7246,26.8128
18837,82.4371
6595,131.7443
9710,71.9362
5354,76.3461
13120,29.3129
19256,47.201
2287,49.3219
17702,27.512
10078,57.6116
11800,24.049
10868,51.2817
19439,42.1692
21872,38.3512
1192,60.8088
17292,66.716
1728,67.7342
13334,40.8321
7661,22.2121
20607,52.7932
19010,38.1861
21007,41.3127
16688,70.7173
17862,53.1325
19481,55.347
8039,44.7911
17703,48.5464
18500,25.3339
17738,70.5886
3577,105.9958
12108,39.4698
13074,60.4129
20410,49.478
15925,36.7079
19422,53.52
4070,68.065
12194,46.1713
10724,45.7663
11750,49.984
2568,40.5059
14404,66.3778
5957,108.1804
425,37.4001
7765,27.0594
14557,39.6646
21338,96.4862
6618,30.5164
19667,42.0657
8842,54.6451
2868,39.3175
5086,63.8767
5260,131.2725
4133,24.0592
20375,43.2364
5321,27.6304
16003,37.5183
11381,68.3669
12914,61.3908
15839,20.0694
366,51.5838
5391,44.6361
7319,38.9093
6145,36.9644
13355,33.9014
2822,50.1218
15881,42.9674
2864,35.5746
15315,29.4642
7646,72.5372
21047,34.4492
19834,79.4516
21689,47.1674
6650,26.3452
20723,67.4613
13124,62.6212
15431,86.0542
20279,79.5819
19155,33.7592
17351,41.803
19999,38.4558
12763,135.9649
21940,25.562
19908,96.8471
15695,81.5261
982,29.1776
748,57.0367
19843,119.8921
7337,58.4289
19121,40.4544
17365,28.4813
12876,57.0288
6541,70.2361
14894,48.9773
18750,33.5927
21199,39.0104
17010,47.1204
187,49.6266
8285,57.4721
19863,45.4047
13759,34.6521
18718,37.4368
17538,64.0913
5287,38.8305
12740,88.363
13012,45.0368
21158,86.3266
21104,52.0211
10552,66.1601
11730,37.1377
9196,25.7372
2725,48.2779
1640,54.5524
6609,27.5702
18270,39.3693
5335,29.6352
14333,87.4024
476,41.7894
21609,58.3121
8432,61.5016
15663,107.3682
2358,106.4472
11582,57.7562
19343,31.6722
20691,34.7327
16310,74.3071
7865,34.1461
21685,58.6021
21608,35.5296
17591,26.708
493,49.106
21631,33.374
18411,61.5388
14428,66.017
16999,35.4728
16408,48.7551
5419,97.7833
13667,85.4673
3628,25.237
6852,51.4474
8200,44.7298
16271,18.1072
18541,39.5702
218,57.6451
15037,141.016
3097,35.2842
6084,57.491
4503,56.8119
21214,34.7342
7889,58.1281
20237,21.5424
21779,59.3491
19453,41.8078
19225,30.39
12273,152.5054
954,73.7456
2559,30.1371
20792,92.2333
15159,40.7036
3385,52.9178
20286,51.9475
11268,43.0404
7064,20.6991
8152,70.5695
21286,53.8018
1655,42.2696
6668,63.5687
2258,77.8331
3731,90.6537
15218,89.3089
8093,30.5698
16957,25.1943
2636,38.0244
2077,80.8017
11133,159.5458
1646,91.1682
2578,54.558
393,40.3759
3703,63.7061
8111,38.6876
3467,63.9826
14369,36.8168
15880,18.696
19631,29.292
16595,265.3581
2917,73.4824
1131,58.2326
14808,40.4048
13335,55.6643
19182,29.1758
2020,60.8407
3912,42.0308
986,66.0524
4033,58.4722
1691,37.9507
16309,97.7009
7019,41.7765
21244,76.3281
9266,27.072
3732,50.6829
15170,50.8147
8767,29.8877
21372,35.8302
12176,30.3452
11459,32.4702
2188,53.4856
3815,109.4148
21136,112.6351
630,63.526
12695,30.0005
5445,27.5665
15610,31.7133
11197,40.6878
4704,93.8325
2437,59.0029
14950,102.0412
21426,80.0377
12783,82.6175
21092,39.3538
10663,116.7297
13676,30.6971
11289,145.0411
16859,32.9202
1203,48.9068
8273,52.9534
8664,46.3139
837,41.4104
7173,35.6049
554,49.4514
946,42.2528
19597,76.4945
17137,37.4774
3737,30.9429
15020,32.1703
10754,46.9673
21939,37.1369
8648,26.1408
18050,61.2173
21955,79.1734
9439,84.2499
8258,32.9173
12607,38.2657
17788,47.2958
6091,36.7892
20303,79.2675
16084,53.2414
7503,75.6334
15282,53.4989
16447,161.3773
18962,103.2263
12542,32.2151
21061,103.4927
8670,201.8723
9398,35.9237
20740,54.2903
5447,87.6257
17641,77.7454
15589,33.3794
3665,20.0285
15135,85.6243
16706,124.1228
11135,32.1886
8992,46.3785
16666,23.7052
9251,77.2137
16832,34.1077
4775,30.8459
14091,62.8749
20025,26.9472
14096,35.0849
21216,29.9943
21761,45.8462
6369,54.818
496,39.3125
7641,54.6816
19161,43.257
8889,31.7167
2563,76.4239
3892,42.1127
4893,32.6331
13178,77.4125
20605,40.0274
9800,38.4236
11083,44.582
9536,29.414
2739,26.2199
711,55.4189
5891,52.0114
4842,106.5372
17069,77.8213
10767,168.6643
875,28.1251
10357,47.2243
20906,49.4535
2131,54.6368
12859,37.4208
15565,39.8883
6969,25.4712
18000,105.3159
9438,90.8717
7987,81.6194
1306,51.9671
17700,31.0884
10989,136.0079
7022,17.156
21431,35.9099
10706,70.3001
5600,40.4526
1111,44.6868
14355,140.1355
2030,85.6546
285,88.5367
18504,115.711
15576,39.2172
17890,38.4527
9801,29.6889
16675,28.1412
20102,25.381
14160,15.1805
21056,46.2392
6821,24.9159
5835,64.1505
20684,35.1836
6114,37.3289
6109,60.8624
2614,65.0199
3799,43.6637
14140,60.3413
12844,101.2434
13474,28.7768
18640,91.5558
10749,50.0052
642,49.3265
18384,32.1036
11939,44.2486
20956,113.1666
15816,27.2252
19805,42.4126
21309,47.2489
1370,31.0149
14360,31.3733
15587,54.2148
20270,36.0709
20943,33.0909
15516,46.9483
5405,42.2702
12243,28.8723
20038,34.6663
3275,68.6323
10732,75.0585
7540,32.4774
7140,79.1014
4767,54.1268
13189,58.0464
3151,43.0815
10924,23.572
14125,35.4962
7509,38.6691
17448,32.933
7130,43.3413
16821,31.4104
17061,67.4922
15469,34.9241
21523,30.9936
2569,59.0453
16152,31.4879
16563,30.3932
823,119.1891
5420,46.3827
4884,40.1957
1446,47.7066
13061,36.4392
14025,45.5025
3062,63.5135
1045,70.1396
20259,27.0237
10299,47.2391
18878,28.5645
12875,27.6017
9732,69.494
421,140.7182
14589,43.1877
8120,75.2551
3400,107.7707
20560,87.3542
11858,27.334
4244,60.0785
18492,36.6185
5688,18.4328
21831,36.714
15040,21.0936
16747,30.7481
5262,41.9398
11183,46.0459
1942,39.9852
17602,24.7828
14641,56.0079
14926,41.1392
3171,118.3957
11068,149.777
21513,49.2662
4390,88.9009
4406,74.6152
8165,42.7304
123,46.2271
21643,72.2988
17121,27.042
9546,131.9807
16153,30.0268
13011,95.7358
21635,216.1383
17328,47.6743
20295,53.6989
17045,29.6439
21826,50.8816
16592,222.6255
14326,44.4192
21739,138.5669
13845,23.8716
2775,39.1483
16143,56.6221
17087,86.8986
17900,252.7894
14532,25.516
1351,68.7177
16345,44.89
10043,62.8994
11721,60.3323
13723,52.9744
21540,35.1446
13138,59.1909
10689,68.1899
15006,30.1283
18058,22.9244
13896,38.3245
17825,39.6566
20820,87.8357
15891,72.8005
10879,41.519
20108,36.3432
20207,82.6598
3508,45.7252
4952,41.2828
19196,44.2391
15467,72.9143
20913,34.0714
12522,31.0165
2751,58.2138
12142,65.5323
5672,43.8919
13419,58.8915
19342,69.8019
17015,30.2434
6531,66.0138
5284,209.242
9709,39.5843
4324,103.5212
19403,49.8902
2426,46.1983
3260,48.8181
3378,66.6904
17677,68.8497
9103,41.9462
21453,39.1853
12350,25.06
8382,27.5223
20330,96.7381
8089,54.2688
8772,92.1062
17384,20.1864
4741,45.106
21469,61.154
8575,40.9744
12945,47.5557
582,50.9641
11818,75.7136
13026,64.9184
13599,62.0283
13431,81.2447
13839,31.1756
9489,35.2033
9887,33.4967
5534,76.2277
14090,35.2833
16756,14.3162
16122,48.6477
20159,50.9543
21923,69.256
17928,29.4848
5323,52.1241
21815,57.0254
14752,55.5242
11564,38.6229
6316,127.4234
5112,45.2958
2146,131.0121
16107,95.6388
12399,43.5628
6314,108.3012
7629,71.4668
18422,89.8396
18053,67.4736
21671,79.0916
4433,42.7881
7011,30.1671
10146,55.7586
5623,55.9419
21129,72.6674
21862,27.7381
10018,31.5959
8361,27.3851
10029,41.2674
5909,78.5053
21818,37.4512
5080,29.6866
18856,33.4002
5473,27.383
11262,48.1727
20810,41.2029
1890,50.1851
13958,38.0061
13330,35.0289
3188,45.4475
12609,54.583
17768,36.2739
20171,144.3723
21649,21.6675
735,109.0696
6271,41.9867
1848,50.5228
15013,37.291
3789,44.7365
19074,54.6419
16151,30.0229
9609,49.7999
8531,41.484
15955,58.8851
4116,139.8226
15078,24.4502
2884,57.1329
11854,66.456
7785,39.9971
18976,34.9731
12638,36.1429
15967,54.7202
3233,117.1785
12317,44.2367
8351,31.6278
10371,61.2272
3323,40.9381
9963,63.6063
18005,41.1683
4609,71.5379
13529,34.6317
1467,96.1462
1751,71.0729
14598,31.2099
10518,205.9142
16431,46.5355
20002,33.6908
6017,77.8398
21053,59.3245
8879,38.9776
1302,32.0913
5414,82.8969
18940,35.7839
19849,44.7257
1283,52.4492
19553,24.8072
1448,40.8538
11671,145.1172
6856,62.7669
17637,66.6495
21436,19.5242
4703,49.2448
17463,76.0496
15163,46.8918
3691,96.0939
13979,28.6521
9047,72.5408
5259,42.1478
10210,109.7848
2547,15.3334
6305,108.3012
6923,52.3291
15598,52.7996
9727,58.0262
19242,58.557
5605,82.8801
19219,57.7167
14904,40.4367
6613,154.7914
18678,34.1048
20115,43.912
6714,66.1978
10540,30.9833
12531,91.5106
2582,56.8104
12731,52.2895
18549,72.2948
9641,33.7431
3827,44.0081
4868,154.6696
16765,62.9761
20565,55.7729
13870,55.7954
9613,103.6252
9743,32.2961
12496,49.7254
10575,38.4874
10573,67.3216
2754,94.3334
2874,79.7904
20796,31.8336
5044,31.3886
729,61.1739
4061,97.969
10623,149.683
12715,34.5964
1533,70.6913
6473,61.7824
16930,50.0997
4782,24.7852
623,42.3
7605,99.2495
10399,35.4683
544,35.0483
9477,64.6397
18583,132.8031
18205,130.3119
11676,33.7461
20447,71.7342
14226,24.1811
17447,77.0413
1608,22.4425
1557,67.5041
1227,75.473
5670,48.386
7224,39.8456
9317,35.6742
5297,35.1293
14745,91.0672
3322,43.859
18306,42.3748
15557,52.3229
19854,32.3176
15353,43.9725
11772,37.1232
8424,45.4345
6519,95.7054
7776,173.3149
11057,37.9849
17131,55.8417
20895,31.921
819,44.4515
2906,61.842
8060,132.6213
6992,35.3091
8280,45.4395
2081,34.9976
135,55.7842
4975,31.2347
4136,62.9409
6472,32.9239
15362,59.9632
4008,53.0552
4887,39.7693
6132,67.6575
3290,59.6328
17931,47.8475
9474,78.5668
10361,61.951
10085,46.24
5492,39.1696
8444,44.1241
18001,163.9082
11322,33.7337
11780,63.0018
10559,28.3775
1171,30.5289
1778,46.4389
20070,57.394
19102,33.5184
2994,31.7461
18669,181.4729
20891,35.4669
1200,110.607
19263,61.6885
15067,47.7545
5856,24.2235
17502,45.3488
7866,30.6285
7708,24.9541
4592,56.3174
13083,29.2769
13580,32.7007
5199,31.0591
21173,50.2263
19970,49.3868
2844,53.4933
14695,76.0182
15112,31.9046
2147,70.0024
10317,47.2833
7726,42.0346
5921,114.5755
971,92.9127
1081,75.5385
6843,27.8494
11369,59.5835
21743,35.2586
15148,31.3717
21742,24.421
12016,109.2613
11622,19.1237
5433,34.4004
12043,53.1922
3831,158.6442
1880,81.2844
1675,124.1584
4369,52.0153
19770,81.4972
3765,40.3432
12881,72.4511
3497,54.2335
17999,26.3678
4019,62.0991
13787,42.292
14786,51.8911
18780,33.642
8420,27.071
16094,73.0135
2778,42.4004
16253,74.7639
10848,72.3419
7990,117.8236
14574,38.9883
4256,45.3384
15137,29.0136
18563,24.0869
5568,29.2542
3787,94.2938
13307,88.5041
14542,51.0563
1164,53.7241
13519,29.6999
5524,39.174
20197,33.7242
10189,36.8812
11171,21.8313
1218,95.0286
11306,65.9764
11971,39.2954
3579,84.2228
14778,136.0143
862,34.9183
3926,33.437
19077,95.3713
14854,71.7524
11501,32.8566
7033,25.7978
21425,55.9504
10089,41.4563
7833,28.0371
18074,40.3093
2277,38.6167
18727,38.4323
19146,127.8986
10833,40.7811
314,62.0162
19333,122.5115
5035,35.9279
953,144.1562
10674,48.8343
12310,29.4325
10593,60.7183
20973,145.5025
2638,44.9094
16392,49.3867
20903,30.6672
9632,36.4739
841,34.902
13760,32.8151
14265,30.8509
7302,85.5815
1136,304.4211
17329,24.7773
12366,30.6902
12858,38.5996
15515,36.6795
18245,40.6276
10870,60.5511
1115,56.6974
19979,69.7576
1012,166.8672
758,43.8319
21899,174.142
10957,45.1771
2410,42.2196
13837,29.6292
9653,30.69
3358,65.7481
15128,91.2683
5877,42.6271
9559,75.4742
10235,40.0582
49,117.8625
11331,51.7758
5399,51.2366
5914,157.6453
2704,42.8141
10003,29.8791
10250,108.109
3609,86.1751
10679,20.0332
16398,73.8415
18342,40.2876
13639,42.1849
18259,112.2142
2625,92.9581
4701,41.6304
12965,30.961
4217,29.6424
20829,27.0585
21184,61.6778
2209,29.1615
13180,24.7099
8886,49.4934
10214,46.5049
18459,117.6753
4714,37.2461
3533,23.8329
5993,98.4343
19187,70.3177
11841,26.7444
14860,36.8133
4188,64.5235
13673,79.3257
15001,36.2357
7290,106.2138
11025,31.4614
394,79.9505
672,108.2455
11445,130.3613
14035,47.6367
19820,147.6575
744,95.5306
16604,36.3705
20475,36.2008
1708,159.169
17226,43.5093
21395,67.736
11009,144.8706
18908,27.4002
12525,62.3544
14555,54.3592
19171,31.337
19043,54.4624
3819,48.2687
8313,67.4107
9808,74.4289
20816,27.413
3905,33.1087
9624,51.032
3495,28.8615
7425,41.9516
12398,35.2101
18608,32.0031
5227,31.1918
21370,21.5648
16541,77.7665
2886,50.0762
6680,53.8331
14189,45.6599
17402,44.2389
11350,101.5803
8894,35.8527
14256,30.1589
11837,42.3003
19344,74.1774
14620,55.9216
21369,40.8325
938,82.8992
17936,38.769
20160,86.4182
2940,69.2254
6865,42.146
13255,29.1499
9090,43.628
12629,35.075
8629,26.2697
4794,36.1755
16223,20.9356
6505,105.2239
2603,32.0968
13792,107.5592
11921,156.9084
16288,87.7692
1330,34.964
19930,49.9407
17986,80.7122
21663,53.9387
5767,28.7114
8713,32.7709
2055,28.7076
16403,42.5953
3247,45.708
116,88.3969
3603,39.2847
7161,24.1502
9223,47.5922
10935,33.888
7805,60.0735
3221,30.7182
4667,29.5002
1393,85.2635
17919,39.2303
15271,48.2484
6377,74.2457
19845,43.6711
14093,35.8474
21865,54.8796
12845,181.5148
12566,29.4064
2360,33.1512
345,75.5223
434,67.4639
11670,34.98
609,148.5034
14667,35.9603
1612,63.1136
20815,48.886
10859,174.2211
20284,33.0034
3923,37.1099
786,46.8932
6501,40.8639
9452,60.9599
14366,23.2592
20074,44.3821
11281,19.896
15097,73.2872
12116,23.555
20627,51.0799
6295,23.2614
11589,205.29
11403,46.1235
15661,31.5593
843,36.7385
14468,48.7491
4831,35.093
6099,150.8358
19870,34.009
199,30.8882
16616,29.2248
12984,38.8226
21070,41.7439
4046,59.9576
12709,62.5932
6825,60.1606
9239,41.8682
5684,38.2959
3507,28.6446
19507,60.996
17533,82.5974
15044,31.8305
6517,34.174
2072,35.7545
21399,48.451
13324,25.8721
4512,32.6675
12617,39.7108
9942,122.5641
20594,65.9786
5382,48.8825
7794,44.777
15895,50.5883
12981,85.8587
7562,38.4167
9157,23.7787
11850,54.8046
4516,29.0673
21209,40.5176
8103,61.2436
21080,130.2281
3099,41.9074
9005,27.1675
6812,42.5546
1506,99.7929
11479,64.4879
8391,39.6929
19137,34.6447
6566,65.699
12052,79.1731
10291,27.9334
21140,109.529
15655,59.3501
13064,82.1528
16538,89.9903
1235,55.368
4606,50.7834
17241,59.7766
3297,57.6018
21016,28.3127
1140,67.6189
2310,82.3697
11230,38.66
6946,27.8635
18903,119.3872
18317,31.7393
792,37.1235
21489,70.2219
10955,83.1789
4452,42.3855
17901,72.0904
15995,45.0008
17771,27.8885
10730,72.4815
21371,67.0131
3742,85.4735
10634,33.4546
13488,59.8434
9390,45.1966
14958,27.7212
2953,97.0084
20490,106.7571
6434,65.912
3160,58.0084
20221,48.2034
10478,37.0941
13463,29.8555
1292,132.7493
15573,29.7359
11065,40.2998
1479,33.6449
16750,44.7688
10768,44.3976
6235,68.7103
19579,21.6925
5673,79.8763
18495,40.0922
12989,130.0176
16091,91.1104
8322,42.128
7670,66.6852
3959,115.7376
6170,59.9504
1580,90.2518
7887,35.404
13978,30.9722
2052,36.7639
19038,46.9468
10252,94.7819
2637,54.5701
13275,76.0965
17048,28.8867
2819,52.063
21641,46.8713
20831,68.9945
15333,30.4249
14231,34.7496
16828,54.371
14564,68.0894
10665,63.6117
4381,25.7433
15641,17.681
18748,62.1933
1102,116.6107
14211,83.3699
1347,151.2931
1784,62.6999
20923,34.8732
16711,97.0824
9899,127.2047
6962,64.3703
12202,40.2811
1838,29.7921
3768,42.2993
915,62.4712
15484,31.2813
11517,42.4798
13055,34.1377
13374,20.7296
4434,77.2622
18779,52.9173
19098,32.5278
17673,54.5161
6218,69.7908
18593,29.7837
21335,69.147
11174,73.2213
11040,60.8736
18922,106.7958
4219,67.9951
8638,53.5022
935,26.5305
18603,89.4303
18733,72.1457
14153,70.0153
9152,37.6793
12197,66.4999
5064,89.6711
18933,38.4313
19543,83.9329
8410,70.6933
21937,88.5684
19879,36.2206
13933,59.4176
2741,45.2273
286,84.7436
15379,32.3072
3792,30.9414
9409,30.4889
11877,55.7889
21190,180.6853
8102,27.0773
361,43.5532
18872,67.1554
4722,44.7522
2699,68.2681
5290,58.1993
5019,58.0281
1546,89.7504
281,66.9981
1300,49.6627
8739,47.4211
17529,67.2494
21291,53.5902
19852,41.6079
13608,42.2464
10620,42.4499
12437,33.9168
2341,28.5679
18538,60.8165
2366,33.2229
11397,64.1446
2721,43.779
13414,30.6968
16680,38.014
5127,45.3053
16835,70.6863
11951,39.5071
18290,45.0288
16932,68.2176
8717,160.3841
12209,36.2339
11059,38.3498
3136,43.7746
16583,28.3166
20797,45.4769
9780,51.7934
13416,28.4333
9372,32.982
8140,84.6941
5217,33.1306
81,77.4317
8691,49.3419
7351,70.4722
11607,75.322
1669,47.7666
15223,234.2816
17550,52.6595
16534,37.8192
5595,36.8665
11556,86.5199
10274,38.1259
8641,79.2889
8143,60.9531
11234,82.7108
10156,37.0405
20743,32.0545
17749,68.5294
16944,32.9989
4702,51.6369
3582,60.3635
20104,83.9974
12216,46.7773
17961,57.3925
15914,82.2805
5085,39.4683
1463,50.0924
14844,207.1651
16878,73.3294
14597,37.0814
13173,125.3867
20798,28.4934
21163,33.1671
12438,23.319
19530,35.82
1161,46.228
10277,96.995
20552,40.4224
16017,37.6084
10113,37.8762
9728,34.8728
20400,58.3357
4066,40.9716
18747,41.7364
11821,24.5701
14686,68.6528
20265,53.8071
19123,38.734
179,25.6457
1522,96.4032
2904,74.9485
5010,72.6844
13478,23.3454
20731,27.4997
10539,42.025
9765,106.4523
16670,25.1011
1343,300.7354
17747,57.2746
10107,60.146
20727,36.2937
15236,38.3923
4954,48.0387
4530,54.8421
12229,73.2648
7731,57.4995
7028,77.1528
13032,26.5908
375,60.8862
18349,34.8925
18834,76.739
10993,53.9704
7868,184.3557
11634,59.1978
12394,35.5545
16452,62.593
19533,31.7046
18240,109.6383
10725,75.7121
9629,27.3141
10959,44.5396
18171,167.666
16839,69.2119
2849,75.4477
18754,41.3556
1410,40.8888
317,39.3297
2756,105.4468
9691,49.7064
21832,32.1908
17425,34.576
9182,65.5259
7079,27.7109
10313,79.5651
15172,41.1708
1731,29.4992
17762,54.1672
21509,71.4426
10322,40.8438
8170,55.7555
6673,52.7075
7575,14.9149
20719,29.9044
17527,65.5611
21538,97.1279
14260,54.4077
11162,143.5076
11341,108.3406
20209,38.1711
12132,49.0067
8725,22.4952
14450,42.985
14799,35.5642
10519,40.2128
20613,104.9434
7403,35.5987
15186,46.3588
9750,46.9002
2662,27.9591
17787,39.485
18909,35.1162
6701,32.8116
20424,106.9474
6028,78.3542
6864,39.37
20298,24.125
17665,93.6173
17020,40.8013
9444,80.5537
6332,65.516
10397,118.2248
6877,24.6984
2576,50.5443
5630,47.8876
332,38.4318
18333,73.1425
18998,34.8387
8218,41.6112
8497,73.27
21892,39.3662
2395,69.6599
9725,36.2587
20125,204.9423
7284,128.8967
7654,92.7572
10437,29.8166
15629,31.0844
8934,26.3946
13151,39.7271
3028,110.7579
14601,39.6893
14525,31.0306
14690,113.9044
12292,44.0317
16809,31.5939
19824,43.6387
13821,27.6826
5578,134.2085
15928,68.1343
746,59.6569
18051,40.6662
1715,57.909
14214,49.0006
6594,58.9378
8061,85.9054
20817,28.9415
15927,53.5127
14103,35.5921
10256,46.1929
6281,46.6727
3280,66.8122
13973,32.3163
3102,67.1947
20432,56.846
21809,67.7899
18201,45.0679
21045,65.3062
19889,37.6726
12651,42.5927
9882,76.4116
3771,24.1411
9687,161.0425
5063,35.3463
11828,39.5099
6178,102.2836
21159,31.6432
5375,66.6269
17915,44.4234
21854,125.5719
16180,41.2466
4942,54.6762
11312,58.4986
784,78.5308
10307,52.3778
6972,38.4762
20770,59.4029
10457,108.6497
19178,30.8465
17404,27.2821
13111,83.0793
11160,75.2533
19558,39.7992
20093,35.3879
20683,67.3305
13483,95.0898
18174,44.7807
17908,83.5077
16498,172.3766
15456,48.0047
4354,55.2327
18350,48.226
5355,53.5717
18215,32.2873
16612,44.2178
17773,52.9963
9506,87.7462
4378,52.9535
11216,40.0337
2792,60.7814
8917,42.1236
18709,91.7307
1747,40.9556
2474,57.2336
6240,70.122
12455,36.4038
16710,73.5225
21598,62.1187
20401,29.8128
17031,69.5654
21790,19.1278
15669,95.2657
21066,85.5032
1626,164.9551
18786,43.0523
2579,79.6718
8353,36.5233
8439,31.572
16164,42.5311
11123,28.4595
19900,58.1342
2804,52.7022
16995,80.5734
18007,52.6569
17761,52.2067
10538,75.8513
4342,46.488
21195,39.6888
21258,77.9806
20871,44.2235
12706,38.8697
8615,94.1149
2392,271.248
18777,91.2515
2484,97.3483
20660,39.3558
3401,48.5308
18792,33.3801
17504,204.0728
8509,77.7816
2856,34.6805
14862,61.7922
10721,34.0221
3921,55.1361
3241,35.7093
4449,31.1385
6199,30.7915
16141,31.1168
9122,44.0867
7206,31.2696
12558,25.9763
4587,20.1185
6814,28.1665
2722,37.6187
2176,65.8127
15937,37.6112
14821,51.0599
16524,33.0597
3480,102.8293
18829,81.0347
2525,39.3045
3117,131.8761
11472,30.5748
17559,20.21
12415,15.3092
17258,66.2414
19475,177.7387
21590,39.6021
5281,24.1808
5575,51.3624
20020,32.7485
6583,199.4401
9916,72.4613
4097,40.8804
12136,66.7369
20113,28.57
19973,42.5426
689,25.5402
8857,90.6583
3300,86.7556
17836,33.1966
13157,36.5821
19978,31.8326
4030,43.6337
19297,156.2535
6610,35.4577
2399,44.4639
19771,33.6333
15144,123.6623
1020,58.9367
7229,32.3372
1803,28.736
12533,52.4299
3806,44.2742
9016,83.7181
5164,32.3528
6211,63.0775
7279,74.9855
1279,87.3632
16511,19.9983
3933,59.8491
420,60.8613
8864,41.8466
13743,38.5241
21367,42.8728
15960,51.197
9828,119.8154
7357,33.8393
3730,117.9608
8233,45.0013
12557,82.0638
2219,78.1232
5709,51.0433
14070,33.4835
17157,26.7377
7237,72.1313
13019,70.2158
2284,59.5687
13315,83.1775
3986,40.7323
9281,42.0763
120,49.0964
15297,46.0565
18222,51.3483
10897,37.1648
4298,99.9771
14655,68.4206
13634,56.0882
21212,30.459
1473,57.2657
16265,40.4362
3338,49.12
7947,57.2468
16786,117.5279
19688,67.7225
18993,25.5224
11596,65.9672
16671,204.2056
15909,43.0182
3461,68.1409
20220,42.6443
727,45.1466
15368,62.7144
888,63.2016
17473,56.1564
6921,34.7666
12,71.8393
11387,53.9881
6179,84.7397
6549,57.5053
8236,65.7613
17590,33.9128
13778,39.8636
6615,29.8543
353,82.9191
7842,35.5217
10793,102.6862
6297,46.3847
15822,38.1007
17599,37.2664
4723,38.0414
5306,46.7001
1873,141.6051
13357,24.8665
13314,69.0879
20596,65.183
6577,81.5485
117,62.4621
11793,25.9854
21813,67.9383
14201,33.0678
4691,25.6868
18542,53.7929
7957,25.3547
18167,58.3912
21570,27.0529
21252,279.5498
18826,40.0952
15892,39.905
611,85.6519
20935,83.1672
20634,43.0918
1485,200.7833
13160,46.0688
11829,38.2329
11031,40.956
2376,32.4912
1282,135.6444
18192,70.0772
19892,66.1468
17756,36.1257
17843,75.9932
17312,53.9158
1480,61.3122
4455,29.9209
10612,52.85
5254,31.5984
1198,95.794
20892,86.9812
17367,34.0165
19828,38.8376
3957,129.1543
7504,83.8356
6787,90.0856
21239,94.7166
6451,52.2729
12360,129.021
10739,29.3451
6604,43.0467
12369,41.3221
11835,32.9432
11510,64.7814
13241,118.3
15710,65.209
17889,117.6193
10551,65.4323
4666,34.7768
2423,48.9145
6321,65.0117
6643,68.745
3360,87.3968
18965,51.1917
12167,55.9249
17565,46.6831
1315,31.6392
18094,118.7471
13187,67.7835
4086,75.077
17201,41.8982
524,71.4682
17519,21.9303
300,53.3158
21081,58.3835
20148,23.0864
17075,74.52
14774,70.2127
7657,94.1644
21243,69.139
3152,121.0503
10952,49.5971
14588,28.8473
18,76.933
9128,45.4397
3882,39.5672
15277,37.52
2536,56.7816
5886,120.873
8818,52.4295
10565,78.6714
9792,37.3665
16294,23.2515
1868,32.4754
3266,35.9508
2871,33.9196
12608,57.9849
9991,37.1118
13590,53.2233
2734,101.2186
19458,30.0555
8112,36.723
12254,82.6209
16012,27.5243
6007,28.2515
20999,103.4859
3210,39.0149
12803,29.5472
11766,38.0588
2389,30.409
12220,104.1237
7874,35.9197
2707,137.5093
7330,130.3372
10427,51.7588
17369,30.7354
21013,47.1621
5936,54.9919
884,71.8109
19122,25.7055
5275,31.799
14739,39.8549
13041,37.3201
18390,101.5762
3419,51.3056
16998,31.7102
4104,64.4137
11773,105.0067
5253,81.4497
17695,49.9648
1613,56.2102
11627,30.6235
14162,39.1868
18728,38.6547
4411,46.5409
1594,64.4612
17247,28.0462
580,39.0066
15199,39.4883
10661,41.0566
12723,32.4252
16561,26.3524
10785,53.0653
8719,37.7384
12581,34.7062
20090,56.6206
20156,28.6798
11228,119.2442
16473,77.6117
15763,26.0099
4640,58.7708
16242,35.2813
19454,34.3956
17949,54.1408
2519,50.5274
15113,61.5162
12124,34.1693
3436,31.3672
2552,55.6662
6575,19.6025
13489,68.9493
20951,251.2327
11842,38.8053
6149,51.1449
1828,102.6885
6607,62.8467
7042,57.2586
19160,36.0521
20233,47.9881
9013,73.7352
11807,91.2834
396,51.948
4471,57.6124
1960,95.6212
7058,67.0179
10343,26.8974
1792,60.9135
21423,26.5076
11502,81.581
3817,44.4756
12276,141.63
9027,68.249
9280,45.4403
13838,40.3681
9132,40.4171
11030,36.26
5866,59.6935
376,57.1749
18233,29.7152
21844,32.368
3131,41.3714
13253,37.7821
19469,78.7043
18134,51.6318
15460,60.2554
14146,25.1966
8727,46.9091
2185,28.2585
7015,35.88
12460,82.4693
16367,137.5174
8921,51.2322
13864,120.4977
6105,62.9122
11733,51.3183
7908,33.6116
16715,45.8404
20694,34.342
16707,95.5297
13766,59.2888
10198,26.4796
11213,40.3205
18668,30.3295
6773,32.6703
13788,76.4604
18279,72.3661
10263,81.5245
6623,60.3581
1967,50.8629
3840,86.3156
6450,34.9573
1057,24.2
5343,46.8742
11001,34.7756
8776,32.2975
10556,49.5009
704,43.1878
17801,58.3776
21360,32.3164
8255,229.2717
3801,36.9906
6475,30.373
4838,37.3836
21732,34.1755
7843,31.2539
1749,33.8096
7335,77.8796
17228,31.1483
17878,35.1596
4408,72.0946
8002,24.2857
14627,141.7651
20489,15.4614
9861,132.4554
1535,126.5481
12861,37.0914
4184,100.9396
9999,30.174
21633,77.647
9081,88.3403
20665,36.9048
17063,71.7568
3315,31.6236
1931,166.5936
15075,62.2929
19476,211.0303
18766,47.5643
5330,42.3567
3120,56.5211
2598,30.5216
77,217.7989
6559,35.2682
15120,25.6819
5452,47.3716
9724,57.2003
1884,59.5696
1712,42.0849
12359,28.9125
8611,50.1468
19697,48.8326
5410,58.9764
21445,73.9351
4309,32.4302
13097,109.0329
11874,34.5939
11488,27.3718
11042,109.5339
1673,190.3628
17945,36.6819
5828,42.0852
18505,36.8526
20957,145.159
21353,36.3786
16557,24.3696
20645,49.8046
21303,15.509
20166,45.1538
84,74.0483
17102,28.4645
12447,77.7703
3620,53.4914
18768,24.2214
10302,71.9271
20840,61.0204
522,136.0109
6342,39.7481
19406,79.0099
3718,44.716
5813,73.2105
9773,42.6761
17506,50.4059
2589,45.2953
4913,36.8352
5737,77.1419
11836,37.9644
1944,73.2932
13090,57.7278
19459,30.0131
9232,61.672
8287,44.4125
14764,88.3641
2607,113.964
14947,78.8704
1217,59.7848
16344,49.3617
15741,80.2548
16361,31.3399
18719,33.3412
5869,107.0679
16702,45.9876
17803,32.0767
10856,113.8251
3706,47.2207
16603,49.7517
6325,69.697
18763,60.3767
10649,33.5927
12103,34.8563
4992,45.7796
7331,128.0123
19189,114.9393
997,93.6515
1816,107.8623
6014,52.9037
4844,77.9072
10659,46.8324
17077,40.1208
1159,40.5757
17068,38.5898
12959,29.4765
1378,35.8466
3606,55.5867
7225,24.939
4656,55.7611
17744,86.1507
17018,46.0348
16798,60.1068
6481,85.6585
7251,140.6204
9250,45.0638
5649,39.0427
15502,42.8012
12754,37.7517
5352,44.6037
19661,57.667
8537,29.9688
19981,43.6058
21769,62.7982
1543,48.4669
4677,44.5896
8715,175.4989
5493,54.3416
19851,46.2443
424,39.4139
13804,70.7643
19435,53.1382
2811,38.4509
2895,40.4047
13398,59.7885
10747,59.2862
2005,65.5774
11155,49.2594
18870,44.0417
5606,83.3368
1188,69.3388
5927,41.6072
15683,50.7641
8863,53.9337
14255,68.0833
19567,71.4103
2616,39.127
144,40.0187
21126,25.2874
5188,33.6398
3267,28.0345
6627,222.8036
7974,77.3175
1496,123.3417
7897,72.5745
13603,28.7629
6104,92.5479
2967,97.6955
14137,37.5353
7111,38.3573
13381,51.0901
21941,20.5792
2357,56.4365
8721,46.8569
16062,25.4356
20059,33.3259
1823,59.9523
7966,56.4325
21470,46.0978
17545,49.9919
14836,41.3917
17694,39.0104
11872,99.6592
4487,154.1444
5905,61.1527
4230,25.8816
20897,75.8493
14803,33.3441
2076,39.7062
14109,45.8398
5675,29.7313
18405,105.0437
7513,59.4366
4280,68.2103
10658,27.4001
3729,66.1735
6357,29.959
2089,27.6738
13446,52.4957
1652,69.2649
14659,33.7137
1305,35.1313
18009,42.9542
6924,59.6219
15232,69.5701
15488,42.2921
16861,39.4063
20637,38.9664
17992,46.5993
9097,15.5006
10097,37.9378
18262,32.1965
19288,95.6206
13558,75.3881
10818,36.8758
1915,30.7504
8503,120.1831
10776,78.6114
16175,40.5784
20143,30.327
2854,70.3266
240,34.6135
19218,30.3382
14637,36.3581
4148,27.1018
7572,54.7017
15267,36.9251
11264,52.5363
3376,78.3896
3822,46.9731
14495,54.3611
19119,34.5717
19108,115.958
8881,51.0595
5978,153.0247
14558,74.9038
20757,79.5312
2803,68.5725
9159,199.8359
1709,35.7931
2222,91.1604
4863,44.9832
1891,30.3404
6901,36.479
7703,223.9309
3382,33.6207
13655,42.8745
16023,69.4591
19867,34.9774
12065,27.5815
3717,41.1383
14595,20.9261
13906,28.2955
820,68.545
10285,27.7647
8357,41.4297
126,61.4752
14755,28.5851
20881,164.8625
16985,29.2106
21456,101.6912
2970,45.2102
8577,37.4367
4090,58.1525
16059,71.6517
14180,35.1791
18586,72.7523
10543,48.6466
5705,46.2039
3428,29.0489
21681,27.971
14481,49.6188
10287,60.0507
17664,29.7988
16463,46.01
12473,37.7028
8716,175.6584
18155,35.6172
20003,42.8481
19325,82.4789
18023,57.072
12361,58.2612
17631,47.3986
18555,127.3967
19946,156.9807
19200,33.7278
14063,41.3882
10131,18.7727
14139,90.8309
19295,45.171
1547,47.1768
21090,40.8263
444,68.3118
15535,70.4225
21687,71.526
10002,73.5093
13985,32.4228
11530,28.7226
12878,59.0661
9011,37.8559
14024,31.2249
16399,42.0219
12717,37.8718
20335,238.2618
12246,55.6205
11946,69.199
16660,35.2314
1127,35.8323
9753,70.8255
1950,31.3719
4929,38.8102
1078,106.0744
18260,25.4786
8014,56.6821
14721,35.915
8603,91.2078
1511,37.0806
18581,27.1809
2549,56.9112
9988,41.6964
14452,58.3114
20806,179.4191
16182,63.8512
17668,47.5505
1398,47.7813
665,67.5734
13389,61.1773
8179,60.1038
15726,55.717
17578,28.2436
1001,28.4406
19372,43.7231
793,97.938
12603,81.4039
3674,38.5095
7681,25.8049
9307,30.938
5200,74.9591
17146,62.1699
3434,80.1999
13595,64.6805
2178,35.5118
11967,36.1029
2460,46.7493
9410,106.0378
13487,25.7501
6766,64.66
7823,82.7002
9676,23.3699
17644,31.2348
3200,31.6481
6836,78.6843
13021,53.4028
14886,80.7031
6902,36.2592
18650,32.1893
6458,45.0295
3643,89.3764
14488,34.8965
4888,26.691
30,51.732
17678,63.1551
15169,37.2548
11927,69.9305
21154,93.332
18591,24.6454
5528,69.1372
18119,85.9668
14897,27.9768
13919,68.5865
16249,48.3094
16852,44.1782
3069,74.0945
9370,62.3788
10443,104.2884
11021,112.3801
4635,41.503
14828,208.4398
18992,113.3496
13217,42.4998
8007,144.5209
3734,36.5626
9050,50.4979
4192,36.2004
20803,51.2011
11860,113.2008
9633,43.65
12790,41.4684
17772,38.8874
5761,101.1119
9509,34.1892
210,105.026
19247,55.7695
1353,89.641
16559,34.5608
1404,42.1512
3886,33.215
19083,69.5412
3337,63.3573
8172,184.4321
3172,65.1062
3853,47.3778
4453,46.2028
14841,90.9941
10362,40.3532
6251,52.084
20274,41.5368
3647,23.8725
7858,76.3151
19234,72.3816
13508,63.779
13109,49.9929
969,29.9316
258,72.4682
5155,30.7529
304,62.7998
19783,21.5251
10816,50.6664
4204,57.2602
18211,58.5867
20460,54.515
6387,58.417
1462,35.2935
9031,40.3776
724,74.0301
3223,44.0927
4228,92.2452
18787,45.9622
17074,34.5195
13159,44.1946
11186,33.6734
2777,87.1433
18018,29.5938
11038,72.2163
3770,25.3272
5040,52.7105
8155,68.5114
17038,109.3556
11990,35.0862
5899,90.7263
4915,61.4205
3808,75.6001
12728,44.9035
7124,63.8053
3943,113.1758
1619,53.5687
15360,47.1145
3918,58.3345
21461,28.0889
5042,52.2568
3867,95.0412
3874,51.7635
2930,29.2761
10657,46.8779
6069,28.8162
18515,35.9613
18293,54.1591
18079,42.4435
20354,34.4564
4861,33.2033
10279,28.2199
38,53.6384
10650,29.0585
15092,110.4929
15430,47.014
2635,40.9623
17379,30.8611
11223,57.4836
11650,72.4319
21805,36.0983
16871,48.6476
16505,29.9158
20365,58.0874
18507,44.6945
8327,34.7649
17597,41.9683
15436,80.9108
7521,78.0345
16233,62.0492
637,77.2598
2344,42.7696
8483,67.0994
20882,172.1514
13184,27.1166
1043,55.5523
2929,61.1498
14099,27.0985
8484,30.4957
18927,36.9569
4167,31.0939
591,85.8992
20179,32.608
19511,175.5798
7539,35.9234
19417,52.4689
9563,35.5033
6918,92.695
10583,63.314
4612,32.3184
18732,35.7777
10160,100.0562
12326,39.1552
2558,63.0751
1636,54.5961
6960,28.1499
19025,114.4342
19788,35.8806
13498,33.7545
13952,35.8723
12294,18.4667
9726,40.072
18704,33.8805
4105,51.5204
8786,76.1165
21686,64.2301
8403,37.1536
2685,65.8751
16875,135.7816
9420,38.2023
19140,87.7331
962,125.4035
9051,31.5219
8568,48.3022
4724,27.1898
20213,68.4409
20247,52.9992
17865,45.7806
18822,34.3809
10971,39.4737
17655,30.0189
12504,28.1908
15121,41.6668
5956,49.3314
8539,36.0352
3155,76.6204
21240,98.4337
19528,65.5441
20767,51.2064
4628,220.7064
19934,31.8972
21316,50.6597
11945,64.6912
19947,44.0469
1287,105.7713
18147,60.3286
8763,46.7356
9214,65.0141
21902,26.6385
6385,69.6828
11028,56.8534
9278,20.6214
5446,29.4152
2009,45.6154
21404,19.7714
11260,86.5024
3144,72.4834
2963,51.8956
1586,63.4534
16065,51.5904
14011,28.8338
6638,24.3087
17414,66.8566
11694,24.9548
21700,28.9884
8817,86.1805
19351,38.7651
18511,28.5276
863,38.9384
3721,56.4756
4091,48.0561
4068,31.8622
21345,51.1792
13143,33.5794
12483,25.2507
15189,76.7926
20050,27.8238
14251,36.44
10218,46.3769
11054,31.4056
3388,23.3654
559,34.8609
7202,34.0444
12806,31.4013
3126,53.1122
14688,31.2717
15115,54.8509
18346,37.7698
4851,56.7212
624,31.6358
10801,26.7063
21232,78.6508
4155,73.7941
1472,71.3125
15742,36.4027
18301,61.6704
847,69.2157
15129,31.5681
4361,44.2394
7525,28.0592
4044,83.3406
16555,130.0805
9985,60.7844
15606,71.0104
10421,69.7054
9694,37.6178
16027,28.8839
11469,37.2736
20501,67.8675
18208,122.4849
13453,57.4949
673,78.7792
21888,38.9883
17838,30.818
9685,36.0072
21884,24.9508
3684,48.1473
15731,57.9718
5981,34.6307
4678,52.1189
6706,24.1557
8448,169.5978
308,114.4781
2909,28.9023
16414,58.2894
2144,54.849
21048,57.8143
5385,44.9069
7909,122.6888
14741,45.7896
19086,62.4175
5185,29.0312
16464,50.4795
18702,41.5711
1416,104.0872
1143,153.1069
4254,54.0402
21012,55.7366
3666,70.6394
1575,37.6205
5243,31.5541
10531,63.8648
19237,15.7903
18784,49.3801
9626,44.2224
6860,43.761
18605,25.617
20245,101.5782
9789,45.286
1499,45.8844
20519,48.3597
1855,47.3444
20114,22.8155
20835,104.921
12231,60.5906
8239,72.8233
7367,67.2252
21340,32.5405
11897,61.528
5952,69.384
18554,99.2164
7612,82.5448
20648,96.3016
19800,73.1382
3978,66.7423
7434,66.5308
20758,91.7656
4729,42.5962
17101,44.7333
18690,36.7229
7381,61.3537
8032,65.1543
11271,148.4352
18508,37.13
15628,40.0025
8107,126.6836
16778,62.2301
2652,46.261
15463,65.8627
3492,25.084
13183,74.118
7564,47.2052
4416,41.4605
1513,70.5976
2324,65.5694
6123,66.8508
16031,55.0455
1921,71.0107
8049,78.3526
15421,62.4904
7763,72.9237
12724,22.5348
15265,17.7953
9596,32.4477
2317,38.1259
3913,81.6021
21116,27.6207
16045,38.2748
21301,28.6456
15183,69.3959
14568,24.2574
7822,33.6979
11620,19.5779
14849,81.3618
8840,25.2815
56,78.4439
2761,62.8046
11288,145.7131
5320,35.0702
13543,36.7796
9469,30.2572
4634,64.0033
10691,45.233
5906,38.8718
11678,44.1701
21895,41.3374
5822,47.7868
21183,29.5234
11803,171.9886
7649,124.2387
10187,101.9019
2343,48.1139
18805,147.5237
11391,57.8801
13927,52.6774
18670,81.9948
10365,42.825
1297,68.904
13693,30.506
12884,36.3435
18579,38.4037
12502,99.4757
10826,75.8804
12099,66.9512
11120,32.1306
16239,75.7578
8666,39.7977
13695,52.7587
13437,51.4567
2747,44.432
20872,165.1801
3,43.459
11372,125.7228
647,62.9349
16562,39.6127
2365,33.7797
2098,83.5328
17488,162.0433
16863,39.5735
8440,44.5042
14530,63.663
18048,56.7409
16738,88.0561
3309,56.1552
12201,58.7071
8964,25.4794
14165,28.7962
6466,39.8668
12378,30.7466
15567,37.9381
14486,41.6412
16858,52.5535
6261,66.5331
2097,83.0266
6210,83.4183
16698,48.5843
11029,78.8779
4998,68.9974
2842,97.9211
15139,29.3851
17103,51.5638
6185,131.9476
14923,26.8417
5251,28.837
10624,73.7263
13923,34.2357
267,41.0328
13781,36.6199
8993,285.8181
8752,120.9952
7426,137.5245
21131,35.294
1745,32.7612
5244,60.9536
19757,56.6002
448,57.8757
20423,39.6057
18753,24.7285
6527,37.6894
3985,34.6014
8305,97.6882
8059,48.9773
1357,71.4605
13361,85.6004
3740,55.4509
15886,36.0347
21019,73.0748
8261,80.4423
9927,55.2292
3479,33.441
6244,47.1237
21811,91.2439
16448,72.0137
12205,27.3418
16860,26.6275
68,42.5277
14095,49.3771
7574,149.6009
14740,38.5963
1230,47.4625
10950,48.6285
4790,24.7699
15979,49.2077
16703,29.5708
15890,73.6299
19595,54.07
10927,23.9094
11088,56.6294
19778,81.2064
15412,23.5797
14575,27.9146
7238,37.991
10995,75.6024
10261,74.6319
12674,53.2928
4706,31.3986
16308,47.1979
10243,85.8983
14982,38.7988
8977,37.1036
16015,21.5686
7971,103.6933
2991,60.3995
9799,50.624
20574,31.8524
6061,95.4719
17685,50.4415
21526,98.5424
1454,66.6769
6749,29.8598
4926,57.1821
15340,40.9438
6139,72.8872
16994,118.089
5328,59.9152
19666,55.161
7787,48.7212
19945,44.4405
16230,63.9094
11202,46.0626
18790,30.9746
17950,35.0484
18244,34.4637
9345,55.9018
326,32.1587
18875,29.5251
6331,28.2182
19912,34.2674
4073,35.5033
18671,143.0666
14658,81.1101
15357,51.0713
14622,106.5291
14412,59.5363
17963,52.0546
19564,51.4288
13351,150.0785
10413,40.0822
19312,47.1991
11529,56.4994
8931,58.7816
19147,30.3324
9039,29.8452
12563,52.419
5712,27.6178
10636,57.7219
21364,35.9543
16961,70.5476
2684,133.1066
15501,107.3685
21801,32.2556
4541,107.142
1945,39.2507
7648,151.5811
306,49.2586
16286,34.3979
9589,39.2966
9657,38.4874
12660,29.0257
7700,26.056
8861,29.4058
14687,44.4961
4623,61.0554
17994,215.9653
3470,59.7964
11224,32.0949
8888,30.1012
16170,32.6617
17609,67.9632
18076,75.8679
10557,53.3999
20654,36.7712
3584,66.7538
8585,33.2576
11481,41.5583
21952,94.9492
15907,128.2866
16560,44.2835
20109,58.4592
659,45.4082
1096,69.9421
15709,40.0765
1027,49.6894
3319,52.7342
11193,127.4569
1336,30.5205
577,84.9211
7645,183.0202
15812,48.3628
8956,165.3995
981,66.0281
18743,21.0522
6071,62.2511
20786,72.1729
15584,71.9617
21536,67.208
13814,31.1507
2757,57.7709
12672,27.6758
10123,31.3383
20886,137.511
14470,41.0762
11126,27.5042
9601,32.082
11899,25.1065
8505,51.0909
13587,18.0521
20581,59.0267
16190,28.9278
6935,39.6531
12148,31.1451
11735,48.0661
14539,42.5538
6690,31.0278
15585,23.7708
18644,55.1929
13616,72.565
19660,45.804
7959,76.2632
9883,51.0861
5381,29.9357
18489,77.8638
1741,27.8577
5628,34.1464
12549,38.6711
4276,123.0281
576,62.0625
10402,39.669
9523,40.8836
3248,48.174
17667,15.101
3256,63.7957
2442,56.8357
18019,37.2825
20517,24.6283
7477,26.9977
9441,27.9102
10251,81.9873
9949,81.6749
8468,50.2237
7045,57.5704
5252,34.1517
4828,225.8323
1888,37.1872
6433,79.68
9111,127.7338
7235,166.3284
2172,39.9701
1943,54.5221
7821,61.3776
12647,83.8535
772,31.8726
9521,47.2693
14901,30.028
9811,43.1091
10919,53.3964
2295,57.2159
1871,42.1517
20938,122.0649
804,258.6739
12098,77.7868
17627,28.4302
9924,43.324
14694,68.9573
4739,46.4607
14003,36.456
7770,39.5657
13630,58.2205
16638,26.3503
11218,45.3303
4872,86.301
2495,32.1369
12596,91.4875
2006,109.5684
16491,37.2188
6883,60.6986
20663,55.9806
21843,33.0113
7347,73.7351
11300,63.9945
2369,45.2561
4468,89.759
14401,49.8026
16168,57.4856
21594,55.4467
1308,53.5011
948,36.0006
2321,88.785
3135,31.8638
13605,53.3932
18334,73.281
9893,56.2878
8623,17.5103
5783,39.0086
947,47.7957
3103,44.7097
18570,38.9064
17093,28.0697
10609,27.5252
10247,118.703
15324,53.3126
2479,50.1872
16106,27.0959
15146,97.8782
18020,38.8277
619,66.5444
3011,90.6611
2954,28.5068
20067,113.8724
13215,37.7523
675,63.5191
17566,80.3378
12529,50.6363
9620,42.8949
5427,33.8019
16119,60.4928
7884,57.429
21494,47.0386
7165,60.3399
17684,158.8272
13429,74.5824
16629,77.1384
19842,28.8452
13995,78.5879
13176,19.0313
20376,35.2576
18425,88.4516
6799,36.8272
7518,298.5036
5663,39.9178
3039,76.4503
6761,41.6753
9721,63.316
6457,44.267
4236,22.2431
20480,63.1037
9966,55.8521
18514,34.5281
19029,55.56
12322,60.1739
335,77.812
14986,39.7404
10861,35.2128
565,72.0007
12541,103.8777
20306,79.0526
2237,96.1203
3169,59.3588
925,84.3642
10758,41.6063
8787,34.0962
11575,50.1313
20756,54.7615
3936,65.8857
14509,39.7323
20285,51.5167
7598,19.9341
17125,43.3152
7555,97.4816
10960,54.3615
3697,31.6644
8116,79.8171
13631,80.6554
18373,115.0218
14419,44.5574
14600,19.2166
10040,56.3633
19141,72.921
4803,24.8488
4966,20.5945
15472,32.1853
4115,65.4825
16622,20.1475
411,89.3177
1133,82.0554
20612,21.1927
5009,20.0422
16217,87.1859
1142,58.0861
859,62.7257
10945,37.7416
974,32.9235
4273,28.2821
18951,30.7176
5514,38.312
16977,52.1155
14275,27.1022
8423,175.6411
2031,132.7773
5748,42.2454
3586,36.9317
10308,33.5787
1602,134.4192
3034,53.2138
7714,64.3685
7656,51.6528
5966,52.5526
4200,49.5502
10077,99.4094
2224,37.7705
21950,79.9814
17951,29.5592
17896,54.9899
6660,147.5988
21175,160.5827
21428,203.4908
4403,55.2833
21166,46.7737
18957,75.1201
4712,41.0745
17686,70.0871
13996,47.8014
17113,33.5259
3597,94.0218
1368,130.898
4424,26.1713
10338,78.558
2039,47.6824
13202,40.4685
9071,53.3856
3104,83.366
3264,37.4278
13644,60.3364
12507,70.6989
4242,29.3246
8229,17.9216
21300,50.6949
7131,18.9915
17357,42.7525
19643,60.7203
1101,37.1373
19495,40.6052
9229,116.4443
18142,176.5846
50,92.357
6829,129.1851
13847,74.5582
9859,76.6078
2853,34.6387
15969,25.206
4437,61.9648
9367,53.2678
14670,29.972
4106,39.8594
8580,28.4018
15074,30.3372
3001,72.5768
17832,61.518
3164,15.5165
14977,40.1165
19823,106.528
6966,61.7282
11175,93.4803
5496,29.7106
12038,39.4582
15025,21.2355
4301,47.4864
15285,26.5223
11108,88.0454
20855,33.5232
6975,64.6843
7059,32.302
15536,42.8409
15942,44.8169
3412,48.6638
15468,51.3159
21257,65.1611
1288,68.6029
16264,55.4507
1748,90.3579
9858,24.3611
8130,31.105
339,51.2378
21446,93.1287
13329,52.006
6343,119.1908
3440,61.2705
6103,28.2808
1408,70.3351
9357,90.1927
14610,32.8925
7485,19.9877
17648,95.7846
8674,109.2909
4692,55.7839
9242,30.9615
18566,163.4662
6224,34.4351
9158,83.5033
1687,62.6843
8544,48.0179
6034,67.3175
6116,37.5286
3359,57.5113
17554,53.8022
7128,30.4047
18143,83.1681
21882,19.9403
19499,24.7748
18294,50.6708
4681,33.1944
6183,53.9932
14632,26.1777
1229,144.8864
8080,29.9919
15242,30.7303
12180,89.1408
7313,35.7952
3543,108.4515
20443,49.7653
6076,30.6925
11201,45.4226
19007,40.2487
2681,48.153
20444,30.3223
19251,38.2252
1761,62.9039
17189,27.6773
3284,38.9244
570,27.3566
19243,45.5125
7213,102.3329
14996,68.5043
18377,41.4085
5847,38.3241
11149,87.7543
15921,34.0384
16970,24.0964
13279,33.0893
5123,43.2652
9851,27.3149
21325,20.8575
16757,51.2533
17046,120.8539
21664,47.7565
7034,49.4771
2257,81.0073
15052,63.9719
2316,55.3774
1582,166.4226
12207,35.498
11691,26.6317
12441,70.5256
12288,52.3891
10327,51.372
16261,59.8069
7362,33.849
10753,138.9411
588,40.7279
16590,36.5791
14720,16.9576
19702,27.8921
18036,48.361
9852,36.0372
2415,56.3872
461,172.612
10298,54.279
10469,38.2996
18415,104.9188
16572,53.9926
15035,116.9967
19149,52.3279
9334,38.109
6491,57.1111
2441,98.3502
16716,62.4704
12454,52.3539
5151,24.3379
14444,21.0514
16019,34.701
19434,64.3727
5004,38.4557
3747,56.1419
17267,24.6306
6863,27.7738
5593,99.9007
20350,39.2071
3614,42.2064
5135,136.1228
20451,108.3195
14010,62.0887
16305,29.8795
756,60.3306
21656,47.314
1567,70.3247
8389,44.5483
19565,51.0048
4837,14.8515
20097,76.0166
10629,30.9781
9102,58.9072
11920,27.9147
3368,43.3937
15504,33.1684
18898,63.899
840,50.7168
5852,77.4868
15662,62.2422
17159,95.2476
2581,63.7819
19753,54.902
9827,60.1576
12833,38.5514
13247,30.5888
15194,76.4717
11764,66.0454
6327,56.553
4395,206.5323
11413,43.0068
10699,77.2146
14192,40.7329
13502,195.8921
11873,29.6563
4538,63.8543
18874,38.6938
17334,115.3917
20936,72.2358
20054,39.9709
7193,92.6352
11586,66.5437
8395,43.996
8994,43.3616
16975,68.3111
18454,118.0457
8784,36.3195
2084,75.9186
1068,154.1218
8965,128.947
20730,27.8138
3944,24.5475
15759,84.4954
10615,61.7453
21401,35.3325
18819,67.7239
8696,71.778
19204,16.3191
6286,44.0644
754,48.4942
17073,101.452
16940,49.4676
3121,52.2909
18104,26.7492
105,101.8816
17285,31.9912
21135,62.598
17993,45.7191
10925,28.1698
13434,40.4446
12850,54.6143
8451,47.5842
2592,44.2427
6732,73.0749
12747,42.9334
5653,41.9135
2265,54.4629
10642,61.1618
20874,158.6685
19826,35.8948
2776,44.9142
8790,64.4534
14342,108.8528
996,49.1927
13620,36.2176
8018,50.9203
5982,28.0641
10012,35.2235
18286,23.5709
8527,37.6659
7036,41.9877
12744,49.1282
2820,29.5846
5727,34.5937
3565,92.8504
9429,68.9431
9022,49.3572
21903,43.3871
11332,17.3284
20142,24.8647
20974,136.2119
17880,82.0445
20101,63.6882
20161,99.8577
2887,105.2991
3780,58.1876
14182,73.9701
10987,18.5555
8160,41.9683
2085,44.0818
2259,57.1152
16987,49.6639
1783,217.6336
9740,56.5854
15604,57.9951
10118,37.1012
21099,183.7135
12784,48.9059
13185,35.8344
20017,132.5268
18091,112.3184
18210,28.4433
16130,100.9965
21589,64.9117
18383,43.869
3868,19.7396
4117,32.8677
12251,31.6595
2945,103.3542
10803,39.0219
10376,39.4483
14995,40.8705
18465,26.8011
8340,29.3166
16275,89.371
1373,43.5164
19318,45.2604
17416,24.2629
19135,34.0356
1204,66.4717
16900,38.6114
8381,36.5741
14048,40.5737
10341,47.6446
11808,68.3896
1382,135.4956
6467,40.463
13468,37.389
10975,41.0064
14101,86.1535
5580,24.4578
9355,28.0266
17466,31.8078
10342,193.4474
19918,79.6926
18072,98.0568
8870,27.165
21834,56.7355
1956,49.7457
15884,79.9925
10616,54.6221
8302,148.7651
13846,53.534
20127,86.8189
21206,82.3599
5980,25.4308
3491,30.3838
6136,33.7292
8192,104.1504
12676,172.9333
12457,81.3461
1930,115.632
12385,38.1799
18643,40.323
16682,246.352
14269,34.429
3373,38.91
15462,39.3188
14291,86.0303
13394,42.1081
21913,67.63
10242,43.1703
13964,34.5171
2299,66.9434
2605,91.0724
6956,29.6898
11549,19.872
3813,58.9755
18224,70.4966
1055,32.8183
14512,55.474
16469,32.98
13276,227.6669
10670,56.936
8156,54.3894
367,41.9775
17120,30.6491
2544,238.5628
18077,40.4993
21342,35.4814
16200,24.6617
9046,49.0835
7162,35.4258
12996,40.5229
12770,31.354
13467,30.4159
19713,217.4513
4262,77.1888
8730,40.8714
4583,39.4609
17083,77.1523
13767,83.603
7326,30.403
8452,42.8034
11284,84.5527
14848,77.4157
19833,43.2312
14914,32.8076
5160,85.1686
3858,45.1183
20380,94.2269
10236,60.9787
19375,47.5059
14155,59.5923
8427,38.4663
9141,34.6522
2372,36.0848
14596,30.2007
3222,44.3499
11338,29.8788
10893,35.2874
898,69.1049
2676,36.9779
2127,34.2671
1011,52.428
136,102.3426
3082,53.2485
349,44.1323
5728,33.4699
9891,38.3267
11689,73.027
17661,57.8268
15932,31.4791
5819,40.929
1912,36.8137
2169,69.4522
14058,86.0584
9838,106.4289
8128,53.7481
11887,36.8156
5435,31.2588
3855,53.6858
21688,82.8128
5782,26.6483
9322,32.4468
9552,45.3687
21375,29.5492
3757,36.7827
3649,59.0817
4071,25.8219
3958,50.1835
18599,46.382
1861,31.8853
2106,47.2783
13688,20.8301
5875,32.6136
20292,30.0382
5133,33.3563
20045,47.3395
17790,42.5408
8046,46.9944
7727,27.0997
12128,57.433
19807,26.0486
17206,55.6085
14348,34.6503
21695,47.9926
8098,40.9302
5228,37.4443
12311,132.0481
17812,34.0844
20531,14.5083
1123,34.4826
18331,38.2487
4668,61.5394
2291,55.2631
9747,94.6009
16576,68.2981
4639,31.3749
3844,27.0171
15239,32.8271
3079,50.0994
3754,86.2849
4558,67.2463
547,90.9257
15765,43.7703
20847,38.3748
10962,22.1025
14087,53.5316
11587,89.2386
16289,38.9509
19561,39.7512
3411,52.5826
5422,39.4228
1941,86.4477
2383,38.6108
272,15.8182
8867,81.1996
20606,79.6023
14002,112.7395
20586,84.5039
8364,36.8723
7378,59.2746
6557,27.7487
18169,49.5909
15496,65.371
4261,56.7982
10545,59.1207
2847,57.2623
3456,84.5556
8347,72.0178
5804,30.5115
12382,86.9615
10336,33.6514
12786,29.1555
6416,43.0222
3494,35.259
3116,49.9215
20910,40.8988
15319,58.0504
2654,53.6262
5637,45.7139
15841,40.1151
17968,29.3208
1426,63.8923
8430,30.0786
12849,28.5397
20602,28.5768
16110,56.1435
12906,42.3099
14288,72.5319
5550,57.2771
14544,43.534
15984,92.4274
3610,39.286
6301,100.9278
20119,50.1004
4076,108.882
13272,20.4254
6748,37.4314
4514,43.4624
8408,60.5953
17324,42.9076
11655,63.1008
12314,65.2089
4048,95.888
16574,39.5296
464,50.7227
6772,82.0387
6366,51.8213
10740,37.0384
20373,26.6651
8535,74.3089
4552,56.7183
1894,80.3591
20332,70.4443
12443,118.8474
16727,60.3104
21588,147.2668
15520,77.6816
15330,27.4742
9324,39.2848
9109,58.3019
19472,30.2013
16221,55.639
5013,18.5701
14941,43.0426
12812,110.5697
3303,71.0197
21284,35.1932
16037,26.2358
1878,33.2593
10800,41.4717
6520,72.9576
20309,62.0837
9648,78.5682
5206,44.8698
9910,36.6991
21602,35.5391
17266,62.7086
7942,37.7248
12694,89.3292
11154,73.2516
19139,94.8344
7903,27.5351
17615,50.3002
19050,55.8033
20304,73.563
3157,30.1524
14471,44.5751
16642,28.777
19076,90.4066
2571,177.4742
9530,140.8209
4234,53.7197
10857,39.1318
15518,40.8266
9172,52.8097
3472,34.3884
5055,35.2379
14022,30.9499
13835,58.9973
19572,39.9265
5157,45.3096
3517,132.8332
7999,91.4598
1383,73.0586
19425,45.6404
21455,55.3141
4110,92.4247
20785,123.1085
4235,26.8181
18711,134.8418
4806,67.0534
8910,27.4443
12373,57.7681
11227,30.8593
8385,47.2176
16746,70.3392
6839,57.9099
4762,193.5601
9561,57.3986
1307,91.9842
2242,50.107
4974,38.7799
7329,32.7454
4214,56.6775
13647,18.1526
12037,42.4687
17250,35.7118
4556,121.448
3423,47.4447
12606,23.9716
7132,26.8583
2387,90.7472
9289,35.2669
17344,36.3819
14581,25.9147
6734,51.6637
3350,42.2958
779,141.2417
7608,52.1903
17711,98.2421
15193,55.7563
20075,31.3832
1768,44.2184
4181,20.1306
9959,46.266
912,78.0493
5714,56.4912
3078,53.6348
16891,34.7858
8246,47.3473
5315,19.3717
20129,27.9218
10382,27.7567
3861,38.6682
1914,55.7531
8221,61.2525
12716,53.2435
20034,29.6544
15219,26.5001
21488,46.2342
10741,56.1751
1030,60.8978
303,64.8178
18970,30.0844
20164,78.4198
7949,54.1888
3362,42.9845
5412,47.0933
20072,21.4007
1760,101.3275
9542,60.0207
16792,23.5527
379,32.5224
14748,62.547
1470,54.9909
2445,42.8473
19143,43.5171
2409,115.6788
9879,66.5194
4930,86.2382
8499,33.4001
18910,86.23
19696,61.3645
15514,42.4735
12139,36.667
13513,34.6702
17371,135.1995
11368,37.9402
5175,69.3447
17147,62.011
6867,35.0513
8820,44.978
15032,28.254
10316,160.6645
8368,46.9256
16341,34.2971
1933,47.8663
14746,29.1481
7876,39.9348
4388,29.8447
1146,45.0285
19704,52.2297
1754,107.3964
11442,88.4614
15524,32.4945
10393,206.3413
625,51.2013
16896,27.7927
2515,137.0733
19901,40.7724
9919,34.4154
9886,30.6358
5022,101.3436
8020,34.6228
2825,41.493
20751,60.8103
18509,37.9651
6250,80.655
3548,65.3906
3762,109.8397
6215,277.3511
650,37.9714
2765,48.7609
2029,26.7915
6733,65.2031
4088,133.6452
7144,28.6478
12003,44.1849
2136,36.0738
7905,44.137
9922,111.3134
18831,54.2995
17047,45.5557
7053,90.9512
8541,25.3689
1317,39.6766
2057,68.5349
20205,27.5435
11644,68.1377
7071,37.4891
7677,28.7547
12185,54.986
8479,97.9316
17467,60.6221
11433,58.3861
684,32.983
16005,24.35
5168,82.402
8066,138.2714
19931,49.2315
17134,45.0846
7597,141.504
313,135.602
5990,77.6104
10604,40.3291
19164,24.4794
11515,67.9975
14896,49.2565
10988,56.5517
18063,52.152
2675,57.036
6379,26.822
2024,39.7841
7856,136.4851
9983,32.7142
1940,31.1804
7907,48.3535
18921,60.0885
18428,36.1779
12757,64.1203
14088,59.3652
21612,102.6184
19356,38.8708
10584,83.631
9354,25.6285
18944,33.6399
16459,55.2462
9113,56.3191
6339,38.3904
4025,55.1396
2419,59.3118
19860,69.8779
5,57.8245
8496,56.4227
5431,93.864
7851,38.553
788,73.9738
20339,44.6499
11032,34.7921
2572,97.1495
3992,80.0014
18307,82.0099
13155,58.2412
3638,169.4942
20564,62.2698
17339,126.285
17808,76.5877
6066,45.5677
11656,51.6433
2914,65.9178
21145,36.6142
11062,222.2651
9643,22.3005
19041,40.1738
21346,29.1724
21088,21.1624
198,67.2321
1661,47.5844
12867,58.6353
14959,45.6071
21172,49.7352
2329,43.1531
1968,14.6365
3716,28.7382
13200,38.4007
14843,152.1764
21444,88.8443
745,30.8556
10508,77.6898
9751,90.4464
6813,69.0688
10671,57.336
20972,99.8584
6386,69.0513
4940,57.6957
13903,24.1382
18655,37.0281
17172,33.6497
6997,48.1014
3632,39.9648
21499,16.0407
16325,39.4333
6834,88.186
2322,48.1639
12339,129.2572
21365,26.6281
19789,29.3021
11859,21.2477
20987,25.8969
15511,48.5122
7402,15.8251
5519,104.4812
12543,28.035
11560,31.9986
18977,28.6959
9148,34.5498
11046,74.5658
18359,70.7768
21266,33.6497
7227,46.2993
13237,70.1287
5561,32.9939
13007,25.8778
21227,46.9513
3022,58.1229
4999,28.2737
12370,78.2838
17039,104.2663
9840,61.3644
4934,48.7183
21310,51.3144
8447,43.3423
10045,61.8971
9272,119.1479
11177,109.1373
7094,75.7808
6026,87.1289
13430,57.2203
16405,34.6772
10105,76.6762
12044,36.0277
18165,15.3224
1443,34.7959
3292,43.3396
9144,46.0364
15543,24.7487
3118,40.2844
19891,73.8833
5694,99.8947
7148,58.4628
1860,48.643
19045,27.749
18708,92.7023
8469,31.3971
7282,73.3503
12217,53.9734
4057,56.4099
19689,75.7005
5387,55.1218
6311,42.6284
7245,79.3516
5729,80.4254
10271,42.7646
15238,32.2171
8938,29.1058
12184,71.9961
7379,40.0555
18503,60.6223
3646,43.5805
13066,114.2436
976,43.1966
5154,33.0524
10129,119.6754
14661,35.792
13572,51.5775
186,60.9693
11340,16.0227
12890,29.6145
20383,87.6391
3489,33.9111
13258,35.2758
13589,45.2801
16529,25.7372
12484,29.6599
19415,87.6681
12020,72.9239
10102,79.0915
1810,63.9944
3784,55.5813
12825,77.3764
1542,63.449
6758,55.745
12396,43.7925
3705,22.1235
1389,77.793
3698,58.9406
17042,34.9294
12971,110.4933
4980,28.6811
2282,46.7642
18166,27.9469
3370,40.8184
20894,182.6597
677,60.8686
20548,43.0185
5955,33.7191
378,77.2359
13317,137.6308
4307,78.2156
5451,38.7476
8825,36.0827
13177,69.4803
10288,27.1863
11781,19.1325
387,31.1492
20492,55.2265
8745,202.7132
7835,76.322
2388,98.8394
5018,24.5753
9088,60.721
13123,38.219
18481,61.4232
15817,54.3336
9228,38.811
14084,19.4447
20312,36.5143
9591,67.253
5994,163.1581
340,37.4993
10387,44.8392
6365,46.1606
14971,91.2841
6043,40.028
5369,34.6092
20035,35.3257
12635,55.7959
17115,31.4808
4017,77.3225
19580,41.6714
2149,37.3086
10449,70.1626
6646,59.8977
2981,35.2355
16704,86.492
16251,43.1345
14729,37.9289
5083,78.6801
11825,181.8045
6893,128.9297
8224,38.6981
21468,19.679
6617,47.0481
12939,49.1351
8348,27.3697
9637,58.2503
4169,34.94
17180,47.4281
8877,66.752
16479,45.801
8657,34.8101
2978,40.1904
2712,37.2587
3863,50.9073
6375,19.0294
4039,79.5949
10258,81.3452
480,51.4353
6175,51.1886
21485,56.2933
18108,53.8672
21534,60.8373
17944,24.8626
1516,68.1506
18788,34.3561
14900,31.9604
5296,38.1159
10415,53.6051
12424,56.8192
16690,39.0118
13325,30.8441
8949,31.9125
11856,89.601
8124,38.8711
7933,36.5015
13018,54.109
3140,47.2616
10934,29.3935
14912,37.8024
11209,29.9122
17674,40.8692
5512,39.7582
12576,40.3911
17672,141.2355
17815,29.7284
8021,48.1107
18932,26.9191
9048,49.1174
21814,57.6589
7021,36.2327
12516,33.5899
2506,71.9814
1976,80.4575
3693,148.7223
16823,35.7991
10205,43.8903
14519,43.5609
7600,36.368
16547,39.4345
19042,58.7217
9254,66.3017
16508,20.1085
6629,83.4038
4372,27.6638
3005,45.8556
15402,39.3466
15435,55.9796
14819,128.5331
16597,26.0663
20898,84.8502
20195,29.2499
20717,89.4803
8346,29.7321
6913,42.7791
8596,228.3024
10025,64.2036
21731,76.2802
21543,37.5455
13777,177.3812
19655,40.7784
329,41.4854
10618,52.0023
21384,77.1678
13975,54.5019
5884,22.4448
3595,39.3143
11597,42.878
4373,84.5338
2510,58.3927
1885,52.8091
3600,101.9397
4537,35.5783
21182,63.5317
16990,40.3677
15864,51.6593
20203,83.2352
3240,29.4024
10829,72.4302
4511,18.2553
3611,35.0723
21597,61.7412
19211,64.1262
8891,112.2614
7420,60.2978
1407,56.1679
17150,41.7113
5430,42.6786
2221,55.5522
17092,58.784
6340,82.7382
5668,57.8274
11707,33.226
5113,19.6788
18659,44.8844
6510,37.3903
12203,35.2426
831,110.164
1041,96.5673
17006,72.3437
20248,32.3056
59,140.1437
15922,45.1844
12679,71.7523
11962,25.6174
4065,72.8391
13771,60.7162
4659,53.6764
14111,92.7173
18530,43.035
432,80.6856
1215,28.6224
17714,68.9711
19695,23.5277
10570,60.7859
977,93.778
7135,41.5285
2697,101.6304
15130,62.5177
10568,82.1554
18328,57.8277
20761,77.1714
6771,40.9651
4484,33.7255
12950,59.1
6688,37.8315
20623,19.7184
19794,46.7267
5752,55.7965
12807,34.1228
16748,44.2449
9652,26.9601
11898,28.0395
13081,54.1305
4603,45.7448
17221,70.8707
8548,25.0378
10854,54.3663
4919,83.8304
10378,65.5411
11189,85.938
1505,31.9989
17824,30.121
8515,47.9992
21648,33.3845
19231,46.8815
17984,29.7921
14513,40.3638
8159,79.7667
10110,13.8168
193,56.9976
11612,38.4532
14939,48.688
7923,25.7576
1991,63.4452
11055,50.162
13779,43.9051
13798,139.2888
15801,24.0137
9928,38.9334
20153,43.0664
3258,124.0025
10527,62.9318
17883,41.6737
11883,148.9477
12164,72.4718
9262,43.0162
1926,82.1009
20714,128.0025
12083,66.9403
18292,46.0164
18236,26.9033
20416,32.723
1177,37.0884
21388,74.4093
20620,30.35
2897,80.1459
14228,40.8548
21352,34.6654
19173,55.0165
5490,39.2739
4069,109.9232
216,83.8544
16219,44.6589
18239,37.2637
9950,75.0863
18738,37.7431
19562,39.7228
1869,51.9368
7221,31.3822
19064,80.3299
3030,63.0497
14909,42.3077
9449,42.8544
13408,184.0204
12515,40.6808
11188,31.906
13164,32.6561
552,78.4204
20993,69.5153
7114,29.7988
18506,107.6471
10580,64.0706
3514,75.1268
1028,65.4111
6195,72.7217
12198,23.3791
16069,68.2673
11562,31.6292
18380,52.9146
14282,20.0071
7260,89.9196
19278,60.568
7142,72.5074
19300,35.9915
2727,60.1882
17035,32.5364
15649,111.5807
13907,50.3485
358,45.7369
920,101.9869
9599,37.7138
8777,37.3869
21833,37.565
15422,37.693
20009,57.3097
18041,19.2728
145,66.6517
7050,31.4139
10073,44.5095
16169,16.6698
16516,20.7413
12933,26.3053
11091,37.1693
11285,31.5115
2371,33.6859
2795,40.2625
10814,52.5898
6022,47.1272
11033,22.5268
8595,25.2405
5824,47.7196
11814,50.984
11892,55.8774
1247,74.5401
1859,52.0723
8819,46.9103
4684,23.4547
20465,101.7724
7917,115.6213
5811,35.8746
19611,78.5639
18628,47.5049
3636,28.8173
11673,32.2678
15770,96.1988
15326,66.3284
1770,47.2618
6569,59.0165
17072,29.286
1862,36.6152
17691,41.0469
9321,35.2549
14679,43.4898
1238,27.1767
15869,38.0957
1928,117.9882
12467,37.9465
2993,43.1885
7707,61.1659
16300,59.8648
9764,39.5128
5383,67.2847
11416,35.4534
3176,87.917
18149,104.102
11253,145.5288
1589,65.7398
17332,38.4501
6080,32.1614
13611,37.7228
1759,86.206
3559,32.3542
9131,78.1721
15981,28.4832
17657,39.1089
10215,45.1796
3906,105.4944
4060,66.6578
4040,64.6609
15377,33.3168
5459,43.6864
16892,35.9118
21493,51.7161
457,59.4189
19075,98.3831
21683,49.6871
4229,38.1212
5428,33.8052
7816,133.5545
16150,110.3962
20867,54.6865
16989,39.9465
12500,31.1831
9344,51.3563
16766,30.1621
13789,38.8329
6516,32.7635
1762,22.0893
16656,67.4532
12425,19.7689
9768,54.4988
12117,78.1705
4253,53.6498
6651,40.8976
10890,57.7633
21780,30.6311
1982,88.8016
14585,72.2685
8366,41.0203
11398,43.5785
17346,112.1877
19023,36.376
21285,50.9363
7139,41.957
15458,31.2696
2041,60.6726
9252,50.2169
5862,111.9011
4618,39.5985
18374,35.198
12427,45.1908
9391,33.4408
14006,29.4226
16793,32.4366
21224,62.2061
2730,71.4134
18915,70.047
20667,31.2014
1445,37.7134
19781,31.6663
13003,46.3696
4899,25.3025
17380,30.2581
9407,35.7059
15318,67.8145
9900,96.4008
7393,81.5988
6058,34.0553
16419,33.2277
14316,43.3231
21095,80.9825
1744,24.574
11087,79.1497
9575,44.7304
3206,38.9184
19383,20.3409
20328,31.9562
14329,26.8396
12873,70.6805
6930,62.6455
17976,31.0269
11191,34.0325
15852,140.3787
18439,41.265
787,33.8789
13082,124.8581
19232,40.1548
12579,37.1183
2453,84.276
19884,16.5414
11746,42.9202
812,83.2845
10369,92.4328
17170,15.2798
6484,42.4549
9037,140.1486
12141,53.7401
3468,56.868
2698,47.0014
18616,40.4793
65,97.3596
15401,34.5552
3776,19.9946
19669,46.3852
16028,57.4005
10828,103.5128
4978,72.0527
13894,77.3433
20184,105.8926
12165,29.1921
1587,43.3124
13349,46.8736
5181,54.7915
21668,34.4734
11857,39.3833
1922,44.909
20964,104.5211
17161,34.0537
6844,104.9757
15954,59.1733
2913,87.7945
15029,67.7189
7791,32.272
12851,58.2716
889,50.6243
13941,33.7572
14664,21.0437
6216,28.5205
18883,67.4911
5308,73.7587
2330,59.3317
16041,87.8411
17205,31.1813
16,99.6101
7524,51.0717
12086,163.2388
20799,31.5832
17331,28.3643
12080,54.3617
21574,71.7744
9218,35.4727
12513,72.9031
4337,49.3611
5513,60.9461
2758,51.1679
17972,45.0262
21475,21.1615
17571,30.9606
5373,38.8474
13337,173.0434
16125,78.6936
5908,70.7144
17962,38.6209
11276,37.6703
1464,67.866
7528,37.189
18606,52.6356
4109,37.5301
16061,52.6269
17259,27.1833
3133,35.1108
10723,88.9316
18364,61.9575
3860,29.8166
15777,58.7126
118,269.8601
17430,65.8569
10760,77.5465
2124,55.1425
7109,113.2046
5949,76.5029
5438,33.1179
9603,33.0858
5266,54.0984
20513,59.9072
715,82.1231
8359,54.8574
5142,134.6648
8350,36.1051
5863,30.3529
16514,84.5018
16485,36.0983
599,39.4002
2140,51.9396
205,103.6095
20419,75.2414
15768,34.7746
2601,50.3648
16338,69.7784
7397,12.7408
11840,42.3757
17709,69.1411
3403,39.9963
18044,37.6792
4053,60.152
7651,103.3001
15722,53.1435
13250,97.8724
15439,40.3458
17498,29.0816
10895,42.5097
10206,39.2616
9412,45.8642
11668,36.112
2481,73.0788
5425,100.3846
16335,69.1646
8680,51.1085
1742,31.6648
16318,181.7478
8115,53.0432
2735,61.2533
15317,48.5427
5319,44.6681
4458,32.1692
13898,45.7824
2407,61.6815
20417,73.837
11665,50.3909
2328,42.7396
18633,53.779
3367,74.9855
20361,40.6022
3576,46.7134
11832,78.3572
12591,57.7894
14529,38.2745
7630,35.8385
15255,152.5861
6548,123.7379
16579,210.5189
16427,18.9442
3766,59.8624
18667,49.5974
20666,35.8293
11015,47.1015
6111,27.708
17996,31.4034
9230,34.724
11632,76.6535
5832,17.7512
13182,67.0687
8671,37.37
4610,17.3908
5479,58.2009
10799,50.9569
19280,36.7657
10353,82.8706
6669,79.2553
467,65.7541
20077,144.4757
5119,39.6164
2416,34.634
15217,43.3416
3429,117.8943
20908,46.0843
11871,44.667
7433,88.344
10141,38.1239
20305,60.9864
6393,68.1798
18767,87.6908
13563,58.0833
20555,68.2137
16393,36.1953
20388,57.9701
1386,220.9213
412,45.7224
5691,24.9985
20907,43.9054
5662,93.2345
2965,57.9762
18912,52.4963
21318,50.1004
16899,48.2604
1000,114.7212
8478,18.0365
21228,28.1159
12768,29.8738
5120,29.348
10138,123.7467
1281,97.5516
16712,59.5614
17260,143.3574
15425,33.4004
19107,79.2903
703,41.5286
12228,27.0413
19223,34.0683
9255,49.8863
923,111.5137
10964,54.1983
13312,51.4071
11901,76.8514
2480,37.0326
4362,72.3064
20640,27.3201
17333,92.7856
15601,45.4787
19995,24.8254
4343,56.4341
14756,40.9228
12636,83.0729
6652,32.869
12958,24.2426
8728,24.9163
6323,107.5836
15322,57.1615
769,63.3241
13146,33.6225
18232,140.7409
19802,40.5833
15184,45.9464
20702,44.5023
20057,50.3663
8916,63.5144
9516,21.7405
2534,46.269
14990,38.3398
256,110.0459
8762,50.7967
4221,75.6223
13407,51.8164
5626,56.5623
610,75.397
10416,107.7475
3596,31.2848
20744,36.2434
1359,64.3656
18067,56.4273
19736,24.8199
10697,89.5986
17948,102.177
15636,124.7528
2067,63.6592
11638,125.894
1990,38.3992
15046,69.0417
7995,52.6065
1670,66.4108
13725,15.565
3607,31.8985
6767,34.5806
16507,58.1479
13547,47.4532
2593,30.4052
16931,59.1524
17935,53.1686
21451,38.1019
4178,33.8037
2327,37.0591
8643,52.9692
2948,51.8513
19398,66.9348
5092,32.0788
7691,37.3795
18461,87.0704
18548,27.5953
2910,73.4075
17141,32.4495
1056,102.2904
4731,56.8771
17178,63.2801
12290,31.9324
2384,38.1752
21745,39.513
3578,38.22
12619,37.4802
1438,75.6835
8802,209.2996
15201,63.008
12420,54.2196
8586,37.243
9854,68.2415
20418,64.1512
18716,68.458
17899,42.7249
5137,56.3254
8775,26.3883
4962,60.5677
18949,79.7998
10845,149.421
11334,19.2437
4549,31.3004
18141,40.3705
8524,62.637
15024,24.9076
21947,28.3523
19902,49.3746
11367,59.2902
7768,21.2048
13465,39.4008
18281,44.2002
12801,75.3367
63,60.7829
8010,67.7391
6184,92.0663
18406,40.6381
11855,64.2008
17532,42.6763
16797,34.7833
3793,128.462
5305,100.1136
16163,152.6057
4867,24.4499
11210,51.1508
21341,67.6678
16620,94.2171
9584,34.5109
10195,77.048
5755,28.2089
21363,52.1287
14663,42.9354
7826,28.6956
11893,61.6583
19279,61.9194
21547,61.258
8608,24.1602
13452,42.7656
1087,87.5011
4504,37.1881
7625,141.5564
2053,118.4687
5415,53.1646
11272,38.2014
2788,30.7316
14304,155.9356
418,91.5366
16966,32.7575
18191,25.8884
19291,47.5972
3198,34.7798
228,125.9283
9298,52.4887
587,90.3163
5011,84.0966
21479,73.5225
14736,82.7779
20642,61.4476
8256,76.7178
15618,32.6567
2911,25.7178
16566,64.9872
10869,27.5157
13858,28.2143
5924,40.2219
17729,79.2439
13559,54.9281
4232,46.5626
5619,41.3969
7627,28.1746
15750,34.9894
8839,32.0193
8900,31.7175
5904,43.8212
13359,54.6169
21462,83.1829
20649,29.2135
17188,33.454
7827,30.6402
12401,37.994
18126,34.5556
11937,52.8224
13132,48.5497
3587,106.7412
16291,78.1702
5543,27.7218
8807,176.7176
19301,26.8406
13035,71.1958
15058,30.9319
15065,30.8884
19306,58.9373
15706,43.4194
4572,34.4076
10968,103.7599
7589,17.8622
3015,32.3256
17426,51.1756
13113,37.751
14185,53.5245
5029,35.5239
10091,27.6251
20498,49.8485
16225,26.5668
4989,52.161
16796,105.8153
21603,35.2914
20978,63.66
1296,26.542
3304,46.4617
4987,103.2096
2996,128.0243
11277,64.5782
21235,43.7164
2455,46.1365
17831,96.2605
12720,57.2047
2961,40.3167
8897,108.0116
10217,71.5761
11302,24.8798
15335,35.6125
20752,41.1044
12814,37.6236
8337,87.8805
2179,63.1757
10280,54.562
4957,109.0402
20638,24.7477
2680,43.1461
2883,69.4885
9333,35.5065
15180,90.4345
2577,43.0739
12161,35.4184
1093,116.0815
4252,38.5605
20135,53.6567
4306,34.1871
15701,56.4289
13981,39.899
6890,27.5008
5516,111.5809
800,47.0859
6630,160.1288
12761,98.2529
19768,130.1558
20768,45.7338
14889,66.6438
14092,91.7907
20515,49.0474
2060,73.0472
9471,94.4057
2408,45.217
543,69.7229
9437,59.1009
4588,71.1014
15211,64.9555
10269,33.2055
21294,60.9968
9673,30.6464
14113,65.675
2585,77.8447
6912,52.0616
9421,46.1255
1481,65.5169
175,72.9174
21760,55.3072
9537,38.2391
264,65.1295
21268,121.7608
1932,62.1102
18537,37.0816
